x0,x1,x2,x3,x4
1.0013017745050943,-0.09167535902924002,-0.24951686045874513,0.47021886542785374,0.28689473409967925
0.012569504261031548,0.6776154265909349,-0.6317198018973099,-0.5077924901948995,-0.8138259283406124
0.48429657531848447,-1.2355626284504237,0.8186147943437575,-1.2359385875080056,0.6599353143909442
0.34160582290799,-0.18591829290507494,-0.47265807535658505,0.06344979914645028,0.8620107205848653
0.84336492691647,-2.7277712302037846,0.10047188263571494,-0.973611578294018,-0.4594299101109963
1.3105004681685335,-2.916331698944251,0.27847947798619765,-0.5699627053926715,-0.40995930332206193
0.9332020308514852,-0.4251905104495347,1.2214360332856935,-0.31862653108782535,-1.6172299200835814
0.6197888320369909,-0.11990005191396808,0.9693113792718161,0.9497518119384722,-2.157792368461273
1.3552025366497633,-1.0339829686258475,0.11950031588383211,1.0693233465481549,0.20178116768011278
0.502069450823214,0.19921463864090327,-0.5486465650302527,-0.3669082528005194,-0.29489883181212545
0.5907631346197987,-1.1936155122760028,0.2958515055140943,1.0266504104036425,0.5577677211701793
1.4868814301577213,-2.6995094404021733,0.25622033118649695,-1.8317486864763182,-2.4916069276654174
0.3898364415926895,-1.348450457719351,0.5422185412040478,0.3432220452236102,0.29520916047391993
2.305013646501534,-1.6723976089572983,-0.567315174673867,2.0117192213253823,-1.8645642520736894
0.7457741543784973,0.4406947796558724,0.9849524514588847,0.9990099237484942,-1.9075037201800253
0.9730446411764949,0.6016474742937611,-0.07257982726747675,-0.6643768445858522,-1.237117278655512
-1.657643124836049,-0.8822510929404477,-0.5848104134178702,-0.9270098217565582,-1.9224441591226322
0.07229633564207955,0.45457280300830377,-0.2511953840338237,-0.25481984346041753,-0.42142839627079753
0.7311454512355808,-1.4921500565390227,1.900876524611545,1.3667091093595929,-1.0690960431941174
0.850108748176858,1.3062444320069928,1.1230600658331569,-0.8615099870383954,-1.045981422899619
-0.0006060413423732702,0.4402865532463,1.134386233354997,-0.2737594560743627,-0.8566432953970893
0.6325500797021066,0.5186436155787522,0.12050920504461997,-0.4228080502469544,-0.5055604736673069
-0.5687134152121569,0.6588079243210706,-0.24901904976338532,1.6748266634026239,-0.7277709069799372
-0.1744607512048435,-0.3769796180015002,1.334605854676949,1.1722219581531759,-0.46380376750583757
0.6481765720000363,0.8678858876725397,-0.07419037766189754,0.2804988844936646,0.026999079539721083
-0.5307062727677408,-1.5955397981212653,0.7543560640593161,0.8206097307221456,0.18451321585036204
0.5712541313506325,1.2773117536425305,-0.02418846989304125,0.366963714661747,0.26572885468807234
0.9913145036207778,-0.5544059158852912,-1.3796399666044379,-1.4003227434078604,1.41472140720985
-0.43961719653022735,-0.2905844403045906,-0.5690467926998006,-0.8225265726181246,0.5040715355883841
0.059129994374931855,0.7535671700877098,1.378586449805135,1.036778557471497,0.053825340219793266
0.08275945682485082,1.013207503858249,-0.5600953073313721,-0.7134150944286646,0.8091271184271432
-0.18225204589110539,-0.40340882213392365,0.9343132468134948,0.07933221552130126,-0.6724328249603482
1.7209964625173972,0.4671182405272571,-0.16706359786441055,0.19170393976356165,-0.42707234695553337
0.7526604184428244,0.8688921124530935,-1.0827001518898252,-0.4456976182558312,0.2884559335843109
0.10175544776438789,1.193432620037512,-1.689547586480005,-0.30485685439087573,1.5136599549985936
1.9833954677532493,-1.629231529875612,-1.8004134446651625,-0.36850284949419543,-0.01399388599541243
1.68487726587996,-0.9032313497357941,1.0871311266876382,-0.08684110663690603,1.0358055494652532
0.30693349147855076,-1.4196694640853773,-1.4923002341221911,0.7285167825733153,1.4274312547665002
-0.37429084772016574,-1.820202438045516,-0.5399224021084492,0.3367585550390609,0.49622990831696057
0.002217508693279968,-0.7551372402311902,-0.7829992959551879,0.7022622320853658,-0.8206565775541734
0.57413248963451,-1.09624808412674,0.155814291848703,-0.4062942153402356,-0.693214349284265
-0.8534488300833112,-1.5633332020301927,0.4334181847230761,-0.6983936724978843,0.21425022788412385
-1.4161682587373319,-1.0051268237029987,-0.33141762272263187,-0.4377941526341927,-0.677626800485034
-0.9978590882683385,0.9644830358189144,0.5764959115717054,-0.16570560521342023,-0.7203677655122165
-1.9848605001968347,-2.334124618903474,-0.2749846845625007,-0.16091747475095314,-0.7080193859418324
-0.4492841838305356,-0.28989992784868707,-0.17168132609038508,-0.04242567075324544,-0.5432446239477631
-0.7835052273257105,-0.30255420605998185,0.8704181989787079,0.6909266974453359,-1.0885564483404786
-1.3370691952015883,-0.5480693327168589,-0.36356337500383373,-2.8142036460082807,-0.3625285177732137
-1.2231430330628679,-0.7203347260127896,0.8643339152756034,1.4085820804740639,-1.2755668698479563
-0.7748438348307053,-0.29432887383071665,-0.07694346037940772,0.41564748916264327,-1.2166703883557553
0.7071360561943992,0.4673130851326107,-0.7023271305908299,0.3904432542143334,-0.8750306633263455
-0.9887286487725431,-1.0784332086547717,0.9176351094852493,0.2807532384719882,-1.1782674179151122
-0.5109054715882861,-2.1592366484047703,-1.9152144407514375,-0.30039443632448776,-0.3733080959849011
-0.20774729606203418,0.20169118373209574,0.23805304117694084,-0.7031038584405207,-1.418714297806031
0.5509923092276929,-1.0662672506133817,-0.8001327149935952,-2.1876264287603497,-1.4649989365537979
-0.9943292866835367,0.9904396162611454,-0.7791206055120135,0.08226316575725925,-1.1900996901106748
-2.206140191342762,-0.7294821947357979,1.427411125318134,1.1135737661680005,-2.1560382278690406
0.8273887479183093,-1.0933113394833909,-0.13391177645693259,-0.6344248614210538,-0.2858553651670552
1.3665242137280023,0.3252912225898731,0.5326346701726699,1.200963598319774,-1.476029878105889
-0.9665011494242052,0.8782157570904742,-2.9443206415551653,-0.38502962953766845,0.9605144750083972
-0.9195055689973304,0.7182341543083648,2.233901579803439,-0.26806900433932374,0.08008759553189604
-0.208439596940462,-0.8287800982226193,-0.07244054355989915,0.5217242216709005,-0.3110824607594945
0.7241947735736961,0.29532665856430707,1.6140628013512008,1.7580822357776913,-0.10597023251992613
-0.016625681804305105,0.1013385157833196,-0.8228235039951701,-0.15902958541644086,1.464167476956892
1.4059985862745534,-1.1584609680373408,0.8909755264957979,-0.19921357833996808,1.3706008360313193
-0.9370405665130348,-0.4744392852918761,-0.5129816127257207,-0.9271756179049246,1.3750844474745136
0.7047946466450965,-1.6411430304143082,0.6962838428828461,-0.997795076727386,-0.7421662798872528
-0.1491746458860963,-1.2150393220858478,0.22532931125671712,0.9195001560111533,-0.2772713243946897
-0.17688180478938417,-1.0792575151071122,-0.02458680866784746,0.014370487090014539,-0.8476173128211992
-0.3397979560935699,-0.2769733534624842,-1.3342885544732264,1.2080916057467292,0.6734650463082573
-0.3941008351829428,-1.0031653059838257,0.336710579033302,-0.8025631516262726,-0.4632236044541288
-1.0740574585175722,-2.0370581843097635,-0.9922364721808233,1.3202505551377837,-2.0705653269238873
-1.1984930292295783,-0.321910778401409,1.4040047759517178,-0.8771959242879905,0.7950645668724088
-2.732248108445668,1.9812908613547682,1.826172624753194,0.355138755708641,0.40859839292349426
-1.7739961170561296,0.15847621203654494,1.2071957662254627,-1.9576749077694422,0.25190582851496823
1.5896708766202923,-0.21892405842597407,0.44620191407255194,-1.0001281463083436,0.3596913409803347
-0.0950336121323474,-1.5680751147230014,0.36508053665518275,-0.23479535363131881,-0.8694858706349712
0.25393019904816916,-0.872401125782185,-0.06572620054648112,0.3311827864675696,-1.3397515621619158
1.4008646797079833,1.2595890524258375,1.703585854073815,-0.9611050284476399,-0.09812271284966734
0.36740762322472553,-1.4935566649116363,0.3901074361416801,0.5392242187659786,0.918753893033734
0.3465781256664876,1.4776477251329727,0.4161631943172941,-0.6614403632303734,0.4474387796702839
0.9425468689913391,-0.2586905425372168,0.454022578719658,0.035911531779163786,0.36416967302864245
0.3002396577871903,0.49227447656384477,-1.5507986556688216,1.5499308063190784,-2.410053615984114
0.8540627548340441,-0.21663605848391268,-1.0997003881045353,-0.10948714191962916,1.400440611175099
-1.2332739958322059,-0.9408586862887744,0.8457053906097339,-0.6631758679636297,-0.9756460850185844
1.8390991169019761,-0.3586344594285457,1.0480116224815725,0.5703227120329146,-1.2189829522710003
-0.1454550396358682,-0.5588914159100409,-0.3196733440092707,-0.4916188057786275,-1.2449936498789178
1.3397636011208904,-0.1342419548265701,0.28587109414739303,-0.1835318248478487,-1.7800850215460577
1.1201739363812768,0.14568825207185493,-0.6804164129184815,0.9508145467636433,-2.0705511854095304
0.9533885405607068,0.40810638336290517,3.1130986928118696,1.5055900114316465,-1.3911743188897243
0.34117891397867184,0.952031760699844,-0.9131052668236697,-1.260894938162544,-1.966641531228717
1.2202075328924142,0.04040971043728044,0.14968817181441463,0.46724797449134153,-1.2910618851678726
-0.44054378733524957,-2.081456956096687,0.13650073330349982,0.6528544082682144,-0.8634640651419982
1.0475459227516941,-0.6703160596942553,-0.4139839860328603,0.27719887855906433,-0.9164720598244278
0.7743495725757035,0.17903050204194682,-1.073489303410584,-0.23581669677085149,-1.1339105112759595
0.48700582926314523,1.4595166645637396,-0.030903519576289645,-1.8279619252015165,2.771122761666426
-0.563061325285631,0.9084558478618397,1.7306514385129632,1.9179627144057858,-1.6140014735884678
1.2096138999106891,-0.9876455914902714,0.1266037334327373,-0.9237968452659475,-2.2305234405334584
-0.20322278784624526,-1.2956794209330909,0.119311278183549,0.4996019656844076,-0.33119671819554986
0.6925757523303064,-0.3410770829367929,0.227702028740984,-1.8031780185332433,-1.5584943272217382
-1.0482144441140413,-1.1273258724713517,1.2988267545202228,-0.1906463441735391,1.2855313863448898
-1.1595519849590716,-0.11381700479463083,0.4449837595091705,-0.9723252240584805,0.5473684879102194
0.24741953967367974,-0.83158639724397,-1.1050374799166451,0.3569717020212403,-0.9615693454940981
0.7616654653867191,-0.522316559653552,1.6989679998241352,0.11476634372745542,-0.8133169496478064
-1.8001342994599867,-0.7363338288110584,0.6170825745127146,0.048813226614859914,-1.7691444249007544
0.7942987471210466,-0.369027220692763,0.12223251661483697,-1.1503942991697929,-0.05673132853619539
0.2854490999135448,0.8478394037637986,0.47567660046556665,-0.7538441610926426,0.41973714929577016
0.5297942663194429,1.146556250191918,-0.8009129833529623,-0.0194711786679371,-1.814562454924822
0.5233557480842872,0.2655460758137178,0.5310425252270413,-0.7034508107892072,-0.8124567809473622
-0.9429307898166536,-0.5049965165162301,-0.06378008636251917,1.6150494640694926,-2.463358032437031
1.7370051545940122,0.9448980549379633,0.20169131101756782,-0.22587090987064473,-0.34969415294865563
-1.7644616504163775,-0.6119873580016899,0.030714541924604544,-0.19110677822377864,0.7295131826512424
-0.6966550910402967,0.44204101594555223,-0.5752917277239386,0.03695568549072435,-0.3929056961698041
0.9928649108848566,0.1891967326571321,-1.497037601104037,1.3286854886075508,-0.17515358819578455
-0.2150423790281471,1.015294318937942,1.1921210899483825,-0.11638469246305949,0.04294479043378127
0.7531229307476567,2.756813555835871,-0.18482250681737586,0.385444806318076,-0.7882054755505835
-0.1727038245271086,-0.8721816514133404,-0.6656514804260634,0.04142143872861018,0.5709015007171555
-0.822941397219267,-1.2750651650655385,-0.7089823808343699,2.1616695043974263,-1.3993448090408602
0.862590674183895,0.8524766918129166,1.4151585234458142,0.465767515548765,-0.5763466200979298
-0.4847487637255372,-0.3978336505056132,-0.020872656681578672,-1.7697620868471393,-0.7537177406836488
-0.931602198613901,-0.5223741723831129,-0.18466626459133645,0.08610929937299275,1.2256402645153108
-2.0756855253077138,-0.7217572923446096,0.16899774425087755,-0.8682628535906307,0.3336771719237708
0.17817074938392818,-0.811664281338015,-1.1194909345545132,0.8560721190825373,-1.0447289144348633
-0.7323570961772552,1.0369481946127623,-0.48932764112542415,-1.140034427149606,-0.04026187578746648
-0.44461674050008143,-1.0318166093088195,-0.09515058637545734,2.010559538201432,-0.09207465545947513
0.6352681202544215,-0.0792462783283419,-0.373143658909475,-0.5706100586896546,-0.6523058231160347
0.503740237863743,-1.8641999557868252,1.6994810771812663,0.06280979279885557,-1.0453059859223282
1.9591543557927908,0.23821622192177833,-0.6266988562697027,1.0691419869644578,-0.17498966588683412
0.6113842827805198,-1.0022470138234665,-1.790888313758451,0.28527539240493993,-2.7345454703784133
2.9011814966791807,-0.2840889587826579,1.2682822372808997,0.3309049205458968,-0.1206379369832154
0.8619879429220352,-0.9198666240449928,0.32594776190058117,0.45124935827096185,-1.6383393315655164
0.31488708314273717,-1.7254978614137424,-1.0715606576470096,1.576548690576008,-0.8656804190552896
2.2513644753028768,0.02767513160605828,1.4961902940728407,0.2463108035968182,0.64228096380415
0.9235926896137019,-1.321224923932002,-0.2688546744600314,0.47186244543323674,0.6373541429338737
2.8983026706557142,-0.8781129333905936,-0.22358722125673347,0.42626672218963996,1.0028872250938212
-0.055928528206549366,-0.20053553256109308,-0.22715357023470245,-0.3374547393522755,-0.9380946402129327
1.151111172930125,0.11453229502795592,0.9833917980048145,0.8990090315530577,0.1821693239938903
0.44331576274670703,-1.2644532478024109,-1.5313090020527438,1.97845058081884,-0.445423209938928
0.7873169394292362,-0.5886500479712197,-0.8816830075084277,0.6846100900881776,0.7940499667865027
-1.287507469059015,0.4088657944332342,0.40858000875173617,-0.6372641481071585,0.3708860470915968
-1.42636755007165,0.1659183057134903,-0.11611830404806694,-1.0160758430709649,1.4437708104618727
-0.5687372940231,-0.3625680053646291,-1.7727860692763973,-2.0544331551306154,0.5351738010577409
-0.572284251542529,0.28410291510106206,-0.6443493955497177,0.4642579959962756,0.20430354640817677
0.7118782900059477,0.33126288505489826,-1.2488663395452653,-1.0535993958283838,0.42343261805370297
-0.8922683068655426,-0.9575400007862795,-1.5960684416495416,0.8362956694664332,0.7123418163746824
1.9722028942273666,0.646612732865953,1.0816911670871987,-1.1932958463712182,-0.3744769738722089
-0.6119323328082108,-1.0503656234887198,0.16745554954190506,0.015013181865260627,1.0466603492940696
0.9671497971981491,0.006959729219400711,0.44490324352254246,-0.8231504918086656,-1.2217249779298742
0.6422855791615179,2.751229793382772,-0.8796930450941567,-0.4753382875943156,-0.06726834282314673
1.160736347614025,-1.0431295845053794,-0.010734495108781668,0.14771656443693387,-0.6278046726723613
-0.24085546134853486,-0.6166573737958353,-0.3541701364286268,-0.7295004435809611,0.06179635245972759
0.9065749857176022,0.8720084995928841,-1.0614898225708704,-0.636800528360115,1.0236136780087466
1.9084317654230023,-1.191984114786082,-0.25679770506211674,0.19850398229987476,-0.39085118186308354
2.4595550253804674,0.5547470993789712,2.320459723191813,-0.3155465149310759,1.7588728870252253
1.554860091009076,-0.7831181624844539,1.4924254684355773,0.032220894506370445,1.7131351120485827
-0.2611547177911804,-0.5295701846188882,1.4705434231095518,-0.19527579956655838,0.9258453608922432
2.371850047023801,1.888542293467622,0.419936478604144,0.45279711521428256,1.2582312831947096
2.845845795698417,-0.6852016711165906,0.6827001775021944,-1.0191019945002286,-0.03253286796349614
1.237118639950468,0.9641787232543942,-1.1422142605283683,0.9135272214704304,-0.8487102234667618
0.600234648178361,-0.2707393746550152,-0.8900045394507028,0.2897851538654798,-0.7153604409333836
0.7351217673392529,1.223387007484701,-0.882526830122453,0.22590997957967868,-1.582641742711035
1.4034794467872045,0.5053608270826537,1.8733935622909406,0.7701434338083917,0.33998812632572545
1.0285755257340037,-1.1484435120930605,-0.4308196051769137,0.38505338530633426,-1.233040201159723
0.694311779258731,-0.6114825277156206,-0.42503150617016,-1.5090892860542502,-0.46366447047581694
0.0838206763112811,0.06480958164978085,-1.2053618985560577,0.3555250173648231,1.0245354978436396
1.9048996497933315,-0.012907946015831093,0.9417947989839027,1.7240834081779757,0.12855314595174425
1.3586354821458184,-0.5507548613376307,-0.7883146025854939,-2.580574466880247,1.9203692569179405
1.0935265177084497,-1.234017608812929,-1.4692115438443234,1.616646654284283,1.8252792735929966
-0.07488218014040826,-0.7803213595113093,1.7278950875462102,0.18684066985242498,0.3464063872412967
1.4643425142603919,1.248161809172995,1.589388220236315,-0.37542979785443653,-1.5222074033903787
1.977403527121242,0.6803874634535816,-0.2641976529903576,-0.3031331359511027,-1.3901796976289562
0.8297247759873096,0.41472741409685066,-0.622605345495386,0.04099444454308099,-0.06518221291074111
0.7076598999366923,0.7920229039598017,0.6180198038218916,0.8020595763379802,-0.222985558625669
-0.20706280134780175,-0.9467410908657458,-0.7820836259466275,-0.09008628595886281,0.5825905177986411
2.076488378303586,0.27243674820083813,0.9563400709606685,-0.4848418925959106,1.0274073974695122
1.0639702085601703,0.36130822502549315,-1.2983043070027598,0.4185361614076391,-0.5332838397204579
1.727852294694106,0.5113429351463655,-1.6443981081967707,-0.4458604804981412,-1.205656681846689
0.3780598386841125,0.5631817663042962,0.22335531090599278,0.9465983854699855,-0.39276781917175724
1.334548925225127,-1.1179463907103326,-0.23462846685869465,1.622478020165461,-0.03450110835567294
1.408493529669463,-1.126212489766466,0.3992064941476472,0.28140737889529743,-1.5562196252624532
-0.24606707460501953,0.3374985839252148,0.6983274659868683,-1.968498092511925,0.14512276774380994
1.4369760130517997,1.2255244185522731,-1.027075466111745,1.881275146699612,0.7026626336123987
-1.066972160083099,-1.3987538066457916,1.6536739759476498,-0.5058739368065905,0.31481504955440054
1.437678787626208,-0.44829621412858506,-0.18241266096840997,2.168061407412975,-1.1472518904713196
1.79827020492654,-0.1569537996107897,0.05468384395239885,0.05436184699998805,-0.5969339961916627
0.06805891847604273,-1.4473161588966614,1.2876599646807223,1.3977361699869313,0.4316163053923889
-0.9485399581961014,-0.22257178688147589,0.33324846534774966,-0.39190286492843956,1.3301904121661636
0.08999664969081628,-0.15287722346232405,-0.30149676061126895,0.10413855467593675,-1.5659129274976074
0.7270015936333036,0.4137377690156976,-1.0635302126419595,-0.7793066218739158,-0.13287605163630792
1.361191487003517,-1.0078210083845756,0.8542397617539705,0.716089068359083,-0.45901954580077425
-0.2684033465732555,-2.3277485049832487,0.8366764215581813,0.8855037521070319,-0.12085890695042507
-0.23745353424992605,-2.1001311638033524,0.5563534317029202,2.2727140795210516,-0.07667704028377176
0.03644227672671008,0.16291533367878785,0.9962232381362737,0.21136986683813852,-2.3317917790490554
0.20804681168599082,0.9846519062228565,-1.3136104914146631,-0.679669651070394,-0.9656687696056782
-0.5201956567251385,-0.3037763365883654,-0.4212837963280335,-0.3929675697271533,-2.4624316115632823
0.3293801289154283,-0.1565242444797207,-2.2265393945344996,-0.3743096982514475,2.3119058823553753
-0.24443068356211847,-0.9687308670630608,0.5993759385716926,0.3541009935442767,-1.713295474158019
1.0696281481107213,0.2861099611393704,1.5453186190845876,-0.4950216290385792,1.5181834192975494
-1.5687097952836953,1.1978545729637378,0.7965564495086108,0.2702926649815548,-1.375740082832597
-0.40017101391676135,-0.5371046777106411,-0.020398677763810526,-0.6568975824126427,0.37436685800034275
-0.30770506101034956,-0.17951731779594574,-0.25679000090121346,1.370334345726779,-0.48120281309154844
-1.2464573454433139,1.0490871863035438,-1.7999756063040986,0.6898321865463058,-2.4611864203056575
-0.7249917946655261,-0.2792929649375355,-0.997997882052521,-0.5607231055885369,0.49158011314760486
0.4353890050452043,-0.07402489116639159,-1.0519295102152164,-0.4954624876980824,-1.5582831581979102
0.123854938845327,-0.7874834929701007,-0.5922350294994148,-2.147939776416441,-1.308112781526753
-1.8289288940001796,-0.10096575206790334,0.9711467769622355,-0.3319422234743494,-1.287606438170839
-2.042145910171453,0.20914760728543286,1.2783257198363254,-0.786581087935986,-0.43400684496201003
-0.0012882360090642475,-0.47799160515210676,-0.5290811292051864,0.028236129754705363,-0.3860174076601599
-0.10732681585094656,-1.4042024145488434,2.206327124311532,-0.6971469127624595,-0.7852943740048137
1.1075867757289153,-0.37366241978406034,-0.14738370589186,-1.5351095793702132,-0.5342774135507713
-0.243778415743794,-1.0199642872402634,-0.5114889958853265,-0.42423520508622087,-0.19569376633917185
-0.5744778723916887,-0.3217523635889894,1.9234898335158306,-1.7710528644589238,-2.1382932872529463
1.9612371489570746,-0.12903587473116684,0.8993587800983973,-1.81017721963036,-0.5331968643417209
0.28074859636080807,-1.596164082341618,1.8269878062518972,1.443558233838109,-0.2852540038026535
0.48320234634358705,0.13471323069662594,-0.2168742004724976,-0.02294582316192051,-1.855992005250595
1.953132939400922,0.9678178769003822,-0.11033204751382557,1.0829072988371153,0.4703737192563811
0.789844331679797,-0.7904246884065994,-1.487156750741032,-0.392329269329767,-0.662477732864813
-0.4587000132928356,0.9367635677091973,-0.428854941565525,-0.16311719317153806,1.0596921267584962
-0.04368498522412856,-0.08390507141338346,-1.6966264798891446,-0.7574316737125458,-1.0428790564697763
0.32421040985189076,-0.1546831060377628,1.0382310730137705,-0.2916314175689616,-1.3455350087648676
0.46280258204657265,1.1587081393718595,0.28830663273095075,-0.32878992660543277,-0.9497872867648858
0.2616352417109474,0.04976699232682239,0.908225495920795,-0.5371391070189515,-0.7332184378584397
-1.1804779968041168,0.6942573293497736,0.21003123864628143,-0.27329809500773483,-1.8567198608508555
-0.24975205113486637,-0.622941374868433,-2.1692801260061922,-1.670915930023639,-1.1620266963190569
-0.8523658838138289,2.170796323668135,0.12996625204880125,1.553335954036558,0.11298626380758603
-0.6153407873941432,-1.571345947684565,-1.0501437406902396,1.2026174985070175,-0.9416681695151018
-0.9383650702117509,-1.604560742381498,0.05996810372900634,-0.07281466444423537,-0.9399073342558775
-0.188846598164794,-0.6910296012142696,0.9109981321064028,0.2529816450652818,-1.483181360044777
-0.3641970285840622,-0.6640640751183596,0.5769372056587083,0.3765205598168383,-1.8117830841918958
-1.1818730475487724,1.2297345013360605,-0.03842959873061301,-2.1402157335795002,1.677934647221099
-0.3392699809726221,-0.6445119024713989,1.0423923909222386,-0.45037401275962063,-1.0025914875265343
-0.9011560988315439,0.5076777272645618,-0.36217583255857233,-1.4203848779325896,-1.0574017577998072
-0.21842563198402526,-0.4024239785709127,0.9956480073476628,-0.0030749677354033472,-1.3396472127894978
0.21341290303240368,-0.9493359793693477,-0.34456473204741966,1.4760210421701276,-1.6596889963011603
-0.07955990976407601,-0.9919874748304454,0.7750334986064388,0.6856569416616073,-2.1577285118180547
-1.1155312160458326,-1.0047073005603306,0.12197431503072434,-0.4099626375774191,1.160568543532201
-1.3912123677463728,-1.8348925693459388,0.5279619650539455,-0.11401417621979312,-0.507308984604254
-0.6241751373182923,-0.0966633827932912,0.5560435463130332,0.8903776274842389,-0.6642669822593144
0.3565899479130169,-0.6621640559818835,0.06749942620579585,-0.9787404395167212,-4.064726173207397
-0.29730568501870613,-1.7074943687860211,-0.2773924362830108,-0.9862187535660873,-1.689175010875831
-1.1855624592066765,-0.7367657228563737,0.8075533790225253,-0.6660833749630528,-0.06076269782881161
-1.2727604816026608,-0.5338994341204495,1.5205977871594145,1.614057429036036,1.318211695928556
-0.81581927828312,-0.5990909033447308,0.9546146470089607,-1.365470453394138,0.8808435784579288
-0.9853723740854864,0.6766330176703613,-0.9137459617008534,0.8670403042015452,0.19901411941699887
0.2262654003466551,1.5377638400995888,-0.7396364015006324,-1.9194588953257234,-0.21190273302419077
-0.5724960995133884,-0.6598450206129509,0.6810067703218512,1.692971636783717,-0.06442409632052024
-1.6462510385017788,-1.3809766536966974,-1.6628792499591512,2.5485806433697733,1.416921584339173
-0.14098847941180226,-0.48108909547589046,-0.5084750212833152,-0.81944650588862,-0.475011170652501
-1.9758881609228953,0.3397926992721651,1.035976845080202,0.3831121674021415,0.5690086021161276
-0.943311203940655,-1.0904647934226743,2.000402042586709,-3.58352482475873,-0.6649864168380957
0.48419814607815015,-0.3599452386325086,0.9990183843745315,-1.215718345530407,1.0938816927164186
0.10061233076175413,1.4289037084607747,0.055331676518383506,-2.168662230867944,1.6026231024274469
-1.9338450012015749,-0.6287033691942432,-0.7404215742843943,-1.3908169642683477,1.099501210825213
-0.32110053635138625,0.6152720031758953,1.0946080252344326,-1.0601349534237625,-0.053009909631704155
-0.04994694398326871,-1.0930875418635375,0.8070594923126088,-0.19074772933709871,1.9580367251352755
-0.887998437909257,-0.6538394056960106,0.3217804828025112,0.7326133880616424,-0.5291244543625984
-1.6333135621536303,-0.27034598943096755,1.2076639272784875,-0.791237614230479,0.3985142559150052
1.533414646467953,-1.191369762036856,-1.1675946083412636,-1.158916465435444,1.1314569792453102
-1.2533031027317563,-1.6822448245388555,-0.4723471795748713,0.4244362897826599,0.9979626665151407
1.418834166523885,-1.5911276566723196,0.021114867163442935,-0.3736059923311731,0.07486451792582816
0.8903220867454712,-0.6918048658049687,-0.43924499612258017,0.7118299302282971,0.6773922235718612
-0.06378766323125176,0.254673732543955,2.1356551326730266,-0.7283790841157899,0.5330677603055953
0.954933936950669,-1.2233793321117616,0.6245155539618551,-1.0556956940719184,1.9757590866951171
0.48897402845766313,-0.7670268198689375,0.10615398988113924,0.3418118292089405,0.24886904846178345
0.6422773362039418,-1.3226145665821678,1.58914030144192,-0.5624209869344283,1.1165367685587309
0.858543312074113,0.5495514461350632,1.126075067693109,-0.8049634031444409,0.8443944747239119
1.0449008592379525,-0.32314738592688985,0.4214871409918115,0.5808934671837402,0.44895220038732364
0.9337595477959342,-0.6292235328314386,-0.10888152099012502,2.017147866518515,-0.2272343292660825
0.7064650484721238,-0.19523966950620464,0.6438196283149291,-1.1286567440938773,0.38651293869237535
1.2488901026388577,-0.3106943670284309,-0.8963933393916065,-0.3331183368613892,-1.3768278622908614
2.463632017300637,1.5548729638554717,-0.928967254754391,-1.4002080151605254,0.4896768472006824
2.4689923101541362,-1.2322653893852151,0.9108809980885807,-0.6517862096292045,-0.8303221786604348
1.0708009150504292,-0.5073567866166409,-1.1296995626635509,2.002750612034048,-0.27802277870827974
0.8492931824791565,1.6012118519847662,0.29249730401521884,-0.048707185252727214,1.6263466309955146
0.9702337923137412,1.6938448017353671,0.07061852945879515,0.6880932724963448,1.589724990115446
0.4077653263136538,-1.9425386351555984,-0.2679933187998711,1.4872935935323222,1.105222112666823
-0.9933367608361507,-0.7346366624694776,-0.9367134587263151,-1.1868758249357991,1.2612709443712804
-0.2458631584187675,0.5304877193836205,-1.9341732376891811,-0.2588482751163784,-1.6969683548025927
0.5105857403450194,1.0533918916025438,0.8918768447462088,-0.18671816102863814,-1.1202407836987531
0.2755730006366767,-0.7900903893338724,-0.802681074724057,-1.4450157712633138,-0.09501414797363611
1.1533136892509441,2.3213793149775523,0.21939001879585468,1.50971546537838,0.986163567200392
0.20332238632511151,1.631795773798127,0.903244582011083,-0.2407780393132432,-0.40113213161300604
2.4041667300486864,1.5176660837596465,-1.3600360790367887,0.5511625558264662,0.6505772727763508
0.24094647996191143,0.7345937207929005,-0.6843528074009264,0.9527482227163324,-0.7094142835640971
-0.016952716393058842,-0.3486298630456757,1.885890828149489,1.360642562442658,-0.9511562771188944
-0.002265061141436653,1.39749738950906,-1.0075613715176743,1.5495219381575485,0.06268234609035095
0.6001657051667334,1.320295460488229,0.5728086568059501,-0.38034049533248515,0.6486386436989529
1.4897931183942625,-0.021573323437311553,0.17302254196405426,0.19139374050852825,-1.5377291786188922
-0.04354172127930467,1.313607417522257,-2.8046175973625345,0.6095655374642404,0.7962591570827915
0.8133836224377247,-0.6648603976418972,0.288972542291843,-1.7033459793351362,0.39151199323657065
2.0784377277594044,0.8049533076829276,-0.7464026563277686,1.3256497769049878,-0.20988007286224225
1.361363010203211,-0.39044991066843443,-0.8903930966613393,0.9425216966343064,-0.07281869813868369
1.1467891664529393,-0.3585572750731784,-1.0298252450248782,1.5418560375938637,-2.003484240185727
0.08850715368976692,0.7733986636068684,-1.686075758056614,-1.3686703985254363,0.5981237854747363
0.9855495911105594,1.721803107289162,-0.26264567462351407,0.5374956960705017,-1.2489775539213142
-0.42863458693280476,0.5365741430389352,-0.5221510590782144,0.7253137576541748,0.027520376639496524
-0.7712498807466462,1.7181344686630702,-0.7042633450095362,-0.51041410055168,-0.06929449461328913
-1.3424490349608158,-0.27946550341513143,-1.4277697810017702,0.86637829876806,0.43068065663536426
-0.4613603901581378,-0.6511925955258197,0.43193315784423814,-1.1499475605171834,-1.3232735514649463
-1.5323780557770315,-1.2056996600855339,-2.6581557899665107,-2.0370861803258657,0.994780476983703
0.588027585645071,0.9729412629220956,2.2626638375024073,-1.4854913944309591,0.24764795621060015
-2.8093700429469735,-0.3193787682734339,0.251115164995936,1.4330883083282415,0.7782255505297634
-0.5819029127185122,-1.1829427594134223,0.6596241417687893,-0.4325819529788615,-0.5721304916806076
0.7863318507942922,-0.8832258922280302,2.8214375698153673,0.790675795226538,-0.42176209395480513
0.20774151848101063,0.508536943827415,-1.0876731006178886,-1.1359486583126457,1.0550862809789847
-1.489523131937567,0.36797973576455806,1.011519680813515,2.7467770285366346,1.696011177445005
0.17338405848673943,-1.3103775703690197,-0.3049111370315804,-0.6043799719060049,-0.11404529788569423
-1.801657670747171,-0.33736462162561104,0.23221735501694757,-0.4415947857599143,1.313123640939556
-0.19417688472620812,-0.7953642207364205,1.1110797809767652,-2.0321995823902124,0.17484177273044474
0.6115302470353365,1.3201277698648821,-0.17654503669914284,0.26799758662924256,-0.9918470455618267
0.11025831921978113,0.8142661974226278,-0.007550402229256264,1.1913270166712162,0.33552463454076376
-0.8680477975399423,-0.2717411490565967,0.5727235575974453,0.725920263627433,0.675593082318115
-1.0466124861282553,1.0313406868694233,-1.3077060839714665,0.8803747196744761,-0.2868928756107753
-1.2251555312531486,0.8054991289023378,-1.5794178158141292,0.4251800191321443,-0.07825302515926676
0.7066279084542688,0.9618501918374013,-0.6732788481909767,0.8194834818516743,1.7370830385813125
0.4765284406233824,1.6310018665733024,-0.40560211692996856,-1.0558033284228365,-0.6486134445973135
-1.002691415229573,1.0898734081324084,-0.6732110012764346,-1.6459226192535283,1.3324549217046355
-0.9809711349584476,-0.43189835671854276,2.0491781695265496,0.25232520002180225,1.749162204897059
-0.8172726160699415,1.3702338878585691,0.5146041117416892,-1.4414941132643038,-0.37423459061473485
-1.837920563672565,-0.8730999378411104,-0.8217088665646513,1.3949604032705842,0.5268049983234216
-1.3082239419499726,-0.2529780683827716,1.0593611319196141,-0.28636087402783267,-0.2052649108568329
-1.1748162971842113,0.5466299242206637,-2.2441066320504923,-0.03411726214543398,-0.14823698508263528
-1.5801860710156217,1.594642147921676,-1.1731008817987523,-1.9493640995500638,1.396466553255039
-0.16465348291820314,-1.2241424140362969,-0.30475350538850876,-0.9755851713381865,0.06790566825382338
-0.45355692871030096,-0.1951456454941048,1.5506260403207075,-0.8978434942771226,0.12568160026268105
-0.5406444978444066,1.0848962282019745,0.33807864415844047,1.538369265057594,1.701634458151463
0.21005820615733573,0.7744902143479069,-0.673608331038107,0.569224052696096,1.6929746590879955
-2.1469302345412387,-0.24182276514168455,-0.17074835796030435,0.04343673945085749,1.3449709179578924
-0.9087203698341264,-0.4187675870648674,-1.757518176453522,0.9508128680396921,1.1512705354672246
-0.5540239855356979,-2.7978662784437676,-0.7062294027555788,0.3648083248875146,-0.304639952259422
0.06033425332293474,-0.2818218279710306,1.1699931914018173,0.18183950347945366,1.2320563387972012
-0.7213926345228088,-1.3448437165627563,-0.8916424396603873,-0.9981013132645129,3.2136079026250233
-2.46904091616667,0.20932461661861052,0.3314525242587465,-0.6972236445685751,-0.2607786598274979
-0.9316137597488778,-0.6578754448846177,1.6079964409592173,-0.06941558803184872,-0.8285299518161353
-2.864346326226794,1.8080136681388668,-1.296311823325045,0.06077731138452874,0.9445400697801924
0.8296728376015801,0.4610930768177378,-1.3872849595327519,-2.5922110839397963,-0.6613195267329017
-0.5652198220329196,0.10616618088424054,-0.7252232297145128,-0.22682745846140712,-0.04380980635220441
-2.8119808070123007,1.0595605032719393,-0.27782220836421145,0.04005415266876741,-1.4263883290704538
-2.3583076612251532,1.2591012822697056,0.6190256049709412,-0.3656532535083315,-0.6519667260200277
0.16640413628359974,2.298452109797836,0.5286907872245414,-1.0070987570389882,-1.0222678493829838
-1.6145811431197086,0.7836650482397696,-0.4648757583224774,-0.4059475033552403,0.7459069896875221
0.3132177682390511,1.039824035609007,-0.9856578622901968,-0.5366292779521301,-1.6491769971933339
-1.3399016620887572,0.993643291636844,-1.5600151149181372,0.7582028668040355,-0.8571986339169297
-2.825226742839854,1.4798734029486411,-0.03369241983544388,1.1594341186675203,-1.58151310551471
-1.731881069217087,0.17180494031756935,0.22194711237585946,-2.677964036853483,-2.0895307493578903
-0.7355970025199027,0.10024443420706358,-0.38305007853908046,-0.7254393563534323,0.362311835703537
-2.2914633452265627,-1.0592759661976465,0.07809787725752834,0.37759913794473865,0.19024346477261167
-1.0405005076242795,0.8645554808676176,-0.3819835226821514,2.0365018479260195,-0.5456635130868306
-1.7628894877437005,0.202894133121515,1.0417323405309553,-1.1100443583737079,-0.22314524322313495
-0.6689996451895834,-0.9255595792171396,-1.1825048110503626,-4.360409252066573,-0.6910218586620763
0.34742813535691774,0.5276201568947733,-0.3470924585600144,-0.4915910193692824,0.867903670749984
0.37058595441633635,0.5130766595530157,0.07117584495561644,-0.983560451203755,-1.1772889028090263
-0.25677463662291433,-0.9206867487965136,-0.8430515806685495,-0.3917468269043095,-0.738501952337363
-0.211813758873745,-1.7076571275078916,-0.034296698997662994,0.733060549164487,-0.4629501939013553
-0.12017002519768881,1.0554955405152506,2.279465574208798,1.7688142607814878,0.3283614993376479
0.23424395937218945,-0.7631671288161632,0.16671265962940898,0.18322515623917715,0.7546929353259766
0.5280851862029016,0.05310319766690147,0.9049883959168716,0.09210803268997639,0.28833779304198265
1.098991176869376,-0.5471062008747553,0.14989098347658403,0.320456393326746,1.103802209071776
0.32814168011579115,-1.0271325256223158,1.4566333852477804,1.1078090707521868,-1.2007975793971295
-0.27712041625518036,0.14095229164974327,0.32628681162332346,0.13383376044900128,1.6732497192230256
0.9270135941101734,-0.38299802774097064,-0.01607163261473741,0.006616948375480965,-1.0516972447881574
1.2982062803091265,-0.813460571783669,-0.19212535913235101,0.9278629409240345,1.102433280130355
1.3531290237229627,0.8365319742590401,0.5684432814950012,0.5908620255567445,-1.2420982068096396
-0.3861159397383578,-0.5155491457563507,-0.745901376563877,3.0166675919430848,-2.583106532002283
0.2508214884765028,-1.4777975705267639,-2.5755816016190782,-0.4988168632251272,-0.8885914999956757
-0.5284546399150669,-0.5576687729504888,0.3554827001016573,0.19848108505775863,0.29950993120549385
1.5555586020509415,0.005872543279548087,0.7446459940952226,1.486708157287581,0.11030870807479498
-0.6089568817866247,1.913640525943748,0.058786668937022536,0.4666432752850056,-1.671902133895971
-0.43821524948132073,0.3686214144021996,1.3366504049073618,0.4438130850267905,-0.89937809785914
1.4190738652728248,-0.4739215272407519,-0.5341083468084958,0.5658259846882979,1.6359545165614542
-0.532936370266995,0.8778314758902811,0.5039755421731965,0.7711977497323094,-0.6870959962787646
-0.34826773169122605,-1.089591150765576,0.5386564579768076,-1.3390829332127812,-0.782736376444137
1.2158281305679641,0.9291044689188136,-0.3275170171172068,-0.9213189108955036,-0.011646255647109832
0.32083809879387354,2.0979338100147626,0.06916000974494688,0.5391407649133125,0.670825422935807
1.0656826721660213,-0.18873477955868845,-0.08757412169639679,-0.6198708372722841,-0.6157571468878544
0.9463845170361083,-0.7304084107342255,0.05649614214337001,0.11245990823187302,-0.3301558904719266
-1.219716047854063,-1.3554146960712248,1.3694110656616958,1.022522613221775,-1.9420137733257445
0.22393784839298544,-0.43517918566518354,-0.39049818772596984,-0.22221181560002384,-1.4236574040479644
0.8253506180514243,-1.0364725960866061,2.085889590573956,0.1381736784903271,-2.7838827951076395
1.342640141173253,-0.8000455194736878,-0.6464000585500054,0.7710907406432316,-1.2344927469175433
-0.042208638953213085,0.3698046926826286,-0.10015763118876592,0.7551066070016148,-0.14844243028042514
0.2047798917270506,-1.2755036632090686,-0.7907970858639619,1.0135409308163414,-0.8282736533712397
1.2165704029235171,-0.8200961710235244,0.7745383710003806,-1.0875945069867217,-0.534640464903015
0.7526895064130547,-1.0651430403553723,-0.2690300802427479,0.520032881378506,-2.268825438378488
2.4269249927343335,1.2714624159491075,0.13285233275581723,0.33763520390641794,-1.573515432929419
1.2306867668201935,-0.2815416025122076,0.19915755525643417,0.480127966752216,0.5302446559839527
1.1601186892054718,-0.6228090191098946,0.6672691692789043,-0.30407657047819375,-0.13977609687556258
1.95034799415933,0.7739969063556456,-1.688643536463445,0.8013381309743314,0.25876518323934944
2.1286312496391426,2.8198808882456845,0.9451131672340178,1.28195648344396,0.296142430795136
1.4528086159612377,0.22784381660622594,-0.351238382813601,0.45763131941822116,0.2950482950415304
2.911780090073136,1.4075342277585876,0.76100322766142,0.9485252347536695,-0.7193417390749525
1.8424374494538625,1.010016976570899,0.2518003861336172,0.8821457597465472,1.9365607171019457
0.9893167464137964,-0.3811519528413853,-0.6604914647586337,0.4942165399542434,-2.0040436822595407
-0.33074184792865546,0.18524909376721999,1.2196046884523122,0.2916084846459672,0.9278264207907507
1.4293161916186878,-0.048352948011876146,1.0425569931140894,0.9809974393027245,-0.26635389094996187
-0.45937399068068197,0.3936646562780593,-0.9857757851150947,-0.5201775996446799,0.6261680947040948
-0.845623147867443,0.9601742261303176,0.021750626154763752,-0.263193477308894,-1.1206743301688664
-1.0173094488089836,-0.7555733331867281,-0.0839773584895736,0.6922842996802143,-0.5031433779961514
0.33573415252822536,-1.2339810854074813,0.6658773594231715,-0.6001030456606751,-1.1967635273228776
0.7562579998849778,-0.8556060554648659,-0.7151365700631634,0.027622855435545865,0.22891173704565984
-1.8379889154861075,0.6137899152304152,1.1614060710668253,1.0433118532021384,0.5848135164605253
0.5586523745984604,-0.6171752680857316,-0.5511129522136047,1.0381680219425278,2.1098329785030523
-1.6783434854560604,-0.27100457736061023,-1.2244025264224745,0.8584458194781106,0.6247777049908009
0.27090627444793725,0.24310347356234974,0.13363617358986155,2.4175959528562436,-0.03788570837278704
-0.1972356028627374,1.7462551910891773,-0.11502918914303192,0.21827295715446426,1.4531455548847605
2.2806097523238757,0.2882860714688433,-0.4101290052273707,-0.7213759956491385,1.5557998646219242
0.6903850597065794,0.14745621049608848,0.6745550361608703,-0.6137077783409965,0.7400040188884391
0.32105824138282324,-0.5614161980806245,-1.3389470307852895,-1.1116529151299477,1.9793339511964643
0.4739241736472419,0.9394140737960882,1.185999117738829,1.1039186591246577,0.8192810994220052
-0.1245845020622256,-0.5747386605819949,0.7797622039404046,2.2280015929618213,1.7879633720407395
-0.08793559992495581,-1.6415128957845522,-0.35170431081804837,-1.1999032877358264,0.9085483041061406
0.9263096275237749,0.4204106407637107,-1.1198123300606848,1.8518874020047902,1.257221613742063
-1.0047274199466156,-1.503399783025661,-1.5768211776678762,-0.029387213905646553,-0.41403980934145457
0.35529499610102855,1.1893427288137828,-0.002352694623004331,0.8120916736307189,1.6945806572406896
-0.41398223938299816,1.1641589499344553,0.07793525377821013,-0.28080531899020883,-0.34144982056087336
-0.1998293986799694,1.2715933810562905,-0.18871949617384032,-1.688750186417689,0.4898234859430019
1.2047387968245886,-1.583418570352528,1.0076802514023908,-1.933065718185011,1.4840458775905587
1.1250276663092142,-0.22675297267620095,1.653146227759923,-0.44288909512937874,0.7416200150865546
-1.0704008689516766,-0.5931983142218982,-0.8924932000263228,0.021964132810939008,0.22677627944807896
-0.4860928676017402,-1.230062035537252,-0.7852513638760195,0.6350142506845138,-1.0373714307190534
0.3193792535835588,0.44969988272572076,-0.3930262170480736,1.4719804958323268,0.2408131124367087
1.145826134572648,0.9118404821497079,-0.019842751618517007,1.6540058853268718,0.002038623401349776
0.974757684439982,0.9391043623211844,-0.5008392879789662,1.4060117507021235,1.4462529646417561
-0.6017404293773795,-0.5523688924383501,0.022666758391920835,-0.47365674636437716,0.10002838642828703
0.20767087856909228,-0.4082438801302291,0.6162364608197427,0.16862180877040955,-1.0562675642697243
0.6821803596828826,-1.045022290123458,-0.16809399548251366,0.39556679729798416,-0.14460320900084406
2.0641459157174604,1.3050828376196169,-0.5388772524410733,0.34998664769276433,-0.5222538880311196
0.6878972101291645,-0.9085821528935932,1.207869122409653,-0.5595733552568761,-0.5722112671944941
1.3413746329282143,-1.392872875213393,-0.7872448072674444,1.0411848025736394,-1.654153238332627
0.6563305535912609,1.304165940932057,-1.7746388046983548,-1.4385266977268971,-0.6309006941490033
2.792231404394769,0.86898578787566,-0.7681601080095781,2.063678385361538,0.339759510113329
-0.468609806460639,-0.5452273902808644,0.20983839357689824,-1.418265239120048,-1.2266606124774084
-0.3218153123982924,0.18731911725472897,1.8232117016233311,0.2841326558526718,0.9297262428542219
-0.11369911725559267,1.5817120930564548,-1.7006683224645958,0.4884412670592049,-3.070385545834057
1.603335097754084,-0.3343618185941707,1.068235290571188,0.31243320805742325,1.1719884559226936
1.1505142082230626,-0.9787583767332348,-0.4902246841765387,-1.6374162288123297,0.3699987070086447
-1.2829487557538553,1.4276305178101278,-0.12924833334582816,0.40191110063148494,0.31861925425566007
1.659131913453914,1.0398884133871178,1.3252177864616155,-0.03700809606606284,-0.040873791884506135
1.475925775953645,-0.5181626028706487,-0.8445125490174255,-0.3035640948061863,-1.3565578270461822
-0.431153020644802,-0.19771273421503657,-0.07315078705599239,-0.761595753643743,-0.5276409139275913
0.19843116704664587,-0.48851559299156455,1.4192471823265822,1.4857513161055702,-1.306409773078169
-1.3214160019767622,0.569231947381513,0.6063442435244158,-0.06379336317153868,0.5411461874078751
1.1799453526148322,-4.237935729998388,-0.9144685604295545,0.3504499437601623,-0.7089817030673163
-0.056752693328567,-0.5287439580968611,0.028674171950615585,0.01667258466778144,-0.17829769663589634
-0.3602417035997692,0.8160096506621058,-2.3062171560210776,-0.2717867676228266,1.2453149453945282
0.40126500466377374,-0.7827472170799693,-1.1866489793897668,-0.43545830165657107,0.844462754823186
1.2108590228181753,-0.7720405297763759,0.022030896565856828,0.691688414809511,-0.43383685915842984
-0.06587697501265849,-0.29559405059615257,0.3588315634686275,0.85939270633106,0.22794637477727486
0.5587695000625271,1.3919121074889176,0.9915700518140071,1.3736799706876248,0.7817117757051908
0.7672333467288279,-0.7927996490716533,1.2048161771286634,0.8528144781891819,-0.5861696777380558
2.353970011651712,-0.8011717192797709,0.1899633616115385,-1.1036259466477383,-0.561967797904948
1.8171576519875585,-0.8920160368846419,-0.36428310786412227,0.3480442767227054,0.3501077275077396
1.0288119881419757,-0.5224006225627291,-1.0066910247267862,-0.72033089432217,0.5222939849441066
1.6041799534383885,-0.18275583820269775,2.5439844688379045,2.9128980297461173,0.5549817260318898
0.5598801287751357,-0.45504365513141304,-0.2940954548267818,0.0648313872253744,-0.754211584661452
1.60247067350682,-1.1830080978523088,-0.5324552065157525,-0.13112537604245633,-0.11601918710552143
1.891956509426156,-1.1184890577251279,-0.20973271555499493,1.2250072118394453,-0.1061117733980789
-0.27828493874439575,-1.848647452558116,0.1576087491408693,-0.7789068783049292,-2.2703837283205495
1.8375776605861471,-0.10169699232064974,1.0409960046919786,1.8514165458457605,-0.9991015484288355
1.0003448847200997,-1.6652716007018835,-0.581556552241194,0.33706284607045145,-0.26622460195081
3.4587128197645125,-0.7398058761961925,-0.3635747660288403,1.0963411234475586,-1.41303002589741
2.9930378228110612,0.5824576825365774,-0.7742314031981808,-1.577825939122307,-1.4955313215485526
2.009456687978751,0.3941574924702378,0.1746909719049289,2.9966816011418405,0.01877427691418354
2.2149255745542424,-0.7228190877880187,2.1968399577190385,0.08331728957035511,1.3836825633215961
2.227931486104997,0.5818961831505047,1.1824016524084846,-1.5136600758572634,0.3579939283847246
1.3548224586686497,0.23224868903279874,0.20471734595563368,1.9048532929141584,-0.5840698197146008
4.1114559852137145,-0.06619597606494067,-1.4778538326154889,1.2080374207465776,-0.33435055961105486
1.9942633973625215,-1.0823353586057702,0.3498007957230255,-0.2038363708023433,-1.1520467310131695
3.638710298752099,-0.8970497656808576,-1.1122393135323403,-1.6606587080077269,0.711519439734621
1.1408689829223202,0.3963409602743473,-0.02920633435876116,0.7220484838340484,0.5764016436434338
4.67833729947634,0.12129848939837252,-0.40437768271387975,0.5965274302854908,-0.6054925373342013
2.3073567463076574,0.21002719032369838,1.0504865595986295,2.637887255365367,1.9363918776754308
1.7169485191316154,2.236249962597176,-0.30147723126233783,2.6794567186806013,0.04062250151441757
3.965191350848721,-0.8893991608942144,0.19332764219115545,1.313199507917305,0.4248646225035001
2.6384413998775766,-0.24044898556490546,-0.5553792484318388,-0.17058708949304546,1.3911335953057338
3.0687951779666576,0.6063749061686385,-0.47888001491477916,0.33169754368853893,-1.413590534287011
2.5549506402544164,0.6238274756581326,0.4649929080457703,-0.28469414986691965,0.5645402236395004
2.0573717400672895,-0.15124081904762549,-0.53590455595259,1.9638621151618258,-1.1731195427868175
2.356589573970098,0.11841124409332726,0.574447166921053,-0.005595514983629646,-0.47840781778668395
2.2181666236204998,-0.4266903949988813,0.9955947913979999,0.4756126068086694,0.9483775269372549
2.5949164287933155,0.5275008600841709,-0.8596229044526869,3.264360853804496,-0.03582029084943299
2.83906563388272,0.1985404925482564,0.3448504537271629,0.6272541655265751,-0.38414062202600363
1.363955834458241,1.611986697546365,-1.4134063279187963,-0.39574040852884085,-0.12054105763623481
4.465760374380672,0.1120514851146952,0.08046798535629474,0.4605468114003096,0.006841238114054949
1.376446295892121,-0.722172784742254,-0.5902529964333826,0.3452874640392848,-0.960338037555287
2.0356675678775646,0.5956648013687603,-0.16368940037929386,1.1974662855294071,0.3678356031674836
1.8939274823259664,1.6743790547292208,-3.549749291626741,-1.0627310095394618,-0.7051320019010786
1.9023156254633757,-0.8257869890053763,-0.2729730418406663,1.6356778346570837,-2.3545566340660438
3.7584786414545,-0.07051076870555151,-1.1544718786483954,-0.9757062004290389,0.834706705095754
2.198001874982613,2.77735241227354,-0.3423600895084239,1.769779944541217,-0.13845608564925097
2.2384999737338913,1.253578459446962,-0.40826872703056377,1.5506951159038604,0.17413911807604726
1.3630525395376303,0.4886751969700285,-0.39107517160129135,0.9398440816409357,0.29674909361986807
1.7369473280207435,0.7569415013794086,-1.229003005652722,0.7483062445003117,1.752329951818044
3.06835932839902,0.2547500086487282,-0.6513378812151662,1.3912533813450496,0.6393995408378199
0.3990042701100962,-0.009727680727174448,-0.6810253665112728,-0.5154326400033264,0.2834065855383601
0.9948111948370997,-0.2117817668054997,-1.626601641647781,1.012646843283283,-0.282124339281752
-0.23136504802411073,0.3325097128986374,0.7183129119600763,-0.7569785500474713,1.1259630352024768
0.05553137313857015,-0.7052384907726835,-0.23797153851423064,-0.46720385481132004,0.45316413216578294
0.4924808022318924,-1.083186937034454,1.370504835849283,-0.7127761846505796,1.360724901844072
1.1283188292876307,-2.1251212417735106,0.08821367371924205,-0.4121884304926939,-0.20431620735044237
-0.5429371993538048,-0.9331515667613992,-0.0816245849492909,0.24339034266538334,1.0728090414310727
2.5086962840100453,-1.6811050866934076,-1.7494102266051272,0.49665062335874954,1.6880787207354908
1.7728042192195086,0.403284037960443,-0.2826824678783151,2.139978141024026,0.5883602996980127
0.3942767093641404,-0.09613455355143355,0.6215135658021418,-0.14129248438097686,0.06447629497513313
1.037679740522209,-0.5965002491399942,0.9356988588666135,0.2745464819162449,-0.04710084812771248
-0.0712254633912941,1.4745916259329572,1.140959704911619,0.28670127693503483,-0.1719147736820668
1.4438965272926305,0.3348450098968986,1.288208727074468,-1.151790932803795,-0.7534423010764046
0.877859105288013,-0.5254262065401755,-0.3577669251435393,-0.0945967294729747,-0.34660536524446606
1.1002796173691403,1.1636798217759297,-1.0355515940190139,0.2904419588718637,0.8664034379551945
1.5691217385034233,-0.9367028548924957,0.9567258116494874,-0.32418034738370044,1.2578400670927339
0.777911205233774,1.4337082302064466,-0.6287231040683898,2.122699224396173,0.03978866841556837
2.329122256555362,-0.01328841855053578,-0.4647108722049092,1.9819251213503886,-0.07915825825720134
0.22491115085012903,0.2945609765083853,-0.3214616478782356,1.064994050785255,-0.12078376408684613
0.6079782289313965,0.25757118008561397,-0.8646035017418086,-1.361351176440917,-0.30640411665282385
0.7725897674584841,0.6246919213359768,-0.3442474995221377,1.851850459779289,0.7256487331379389
-0.32701150353958375,0.4476412325201692,-0.2240421112028288,0.2519640185594709,-0.8146095042969104
0.24128085451862807,1.8210581551822773,0.5499732601464947,0.17529034334174975,0.25261014190744735
-1.6389406602540817,-0.3488230735261708,-1.032543910076134,0.2663618722639631,-1.157449933526718
-0.3464914124029489,-1.8693948879463322,-0.034119428568517116,-1.1249656801429577,0.9427255722881636
-0.0663873685978702,1.5058496248710682,-0.5397459856132817,0.05930264238245381,-0.3812534577358706
-0.1090016178812741,-0.9632891300495984,-0.7971540681638609,0.945354912434518,0.30326414236739685
-0.8307998985979249,-0.5043634213072565,1.0919716995450115,0.09653318506009761,0.8309124254356767
-0.23945880676171727,-0.08236755079807462,1.9084264447187294,1.1040742217097614,0.6712396205210853
1.634207852080309,0.39866123535357895,-1.2789598005429927,1.5015229570980755,1.159165413213839
-0.6378350681609629,-0.49542595405058687,0.5017905947140482,0.4708875858439865,-0.32609078065931923
0.5640601056933322,0.8928841130190707,1.7021487678079026,0.7854054292700186,-0.9713012292998556
0.25921176833548,-0.07675210200900437,0.13534268468191216,0.18497828024911878,0.3592743201428218
-1.1670795043906033,-0.663770756141216,-0.43188019184130166,-0.6177596898762352,1.4527831675501308
-0.7579198668110342,-2.4031357204614188,1.031431077670559,0.8798292356978574,-0.0660322800225629
0.011599739335053705,0.34801753208664143,-1.0816751054336795,-0.5633973268717931,-0.39632550655318854
-1.3401085648693107,1.448836329534338,-0.47363107876677196,0.9113002782399282,1.0104774210488912
0.43266632697938123,-0.3689084023764191,2.155887364561531,-1.5436209729154111,-0.4265288351733464
-0.9460471825304911,0.08126949123462637,-0.6002997142917147,-0.003835784367158007,1.5043762699672103
0.8890715784713309,0.007362035315440198,0.4045406047744557,0.24566516292949864,1.385839133099325
0.5180919611880184,0.5130105095483779,-1.1938752384049622,-0.8054615262794019,1.2860363683878728
-0.0745470286399696,-0.2431001781280661,0.8142978982438324,-2.644723382820974,0.15066071273854165
-0.3266569827211013,-0.5175764702142481,0.5251543426004196,-0.13215825595272396,-1.5157430025952217
-1.2764640628875268,-1.6409349899874448,0.6545615807308267,-0.3073034882688989,0.7211087394671021
-0.36976656697312893,0.729659245542027,-1.1857654683816634,1.7447860036925187,0.49573745877547715
-2.033445363108225,-1.1196203948382955,-0.8774843138473422,0.3173155737908918,-0.07990882623352649
-0.14029144505071367,-0.8380747394753927,-0.2395353899301399,-1.4136471972768636,0.21270442955406602
0.21855221601065167,-0.7337319990896709,0.6958335752081386,-0.3237795021019265,1.3216607544840357
-0.8160373374642111,0.5094965331307681,-0.17833315278306489,-1.4761299214338108,-0.9122365993673576
0.6156529799369892,0.28405162263165673,0.6333097316590833,-1.4883256609597286,1.0185337140562125
-0.3138640774585137,0.23648342049011456,1.2838945563121174,2.0856481997924474,0.6080894302790624
-0.8093006769619824,-0.18160316933860346,-0.5964199040644664,-0.5117405288280437,0.9274962017578988
-0.21428936712824484,-0.1960881954105541,0.6151834389985985,-1.562823337918685,0.8774637036490478
2.217262668426292,2.7978630738474672,-1.8626958214553953,0.6967434671422356,-0.8543083788567004
-0.3775200722117857,-0.9205141447150544,-0.6826195205974231,0.06527333655949025,1.1161039753436737
-1.6159358048018613,-0.25026344079022905,0.05365940384347945,-0.37586350189097223,1.0118409198134266
1.2918196365815533,0.47692191560046193,0.46114743900942795,-0.1689408357487924,1.03567158902236
0.5743175583988473,-1.8594753111644389,-0.9482466717929964,-0.32648588686443486,-0.2137466172762693
0.043780502184672,0.12005842203938706,-0.37569113640052665,1.526798230020397,1.8552052369162808
0.7297624793493794,0.8809950262957743,1.4118505341430285,0.0677095802127313,-0.5542977880753811
1.9917666707757935,1.397840587500165,0.7234021011213569,-0.23789783176969556,-1.749028568193945
0.4595095224268985,0.16802240123257167,-0.9679423891003991,-1.3618420558382873,-0.004881240786855971
0.2986612679863894,-1.2893845643197719,-1.0402546267869648,0.5016777664334735,-1.0626303553348793
0.5304453197006039,-0.8049659110190477,-0.8903248576348316,0.2461597663869486,-1.183106858225378
0.6885205781058701,-0.40066519168156556,-1.1328861791611342,-1.6572370707575366,-0.7145524409979389
0.4373145824677046,0.45328482374709966,1.1503666299715272,-0.12846187408201393,-0.3561401269504839
2.252560873654275,-0.6122940328095503,-0.23080165871149305,-0.0011202519402836453,1.8165155531718709
1.6451486632005277,0.14069785030428447,0.5776623211115983,2.1455711859170608,-1.995225295725666
2.1845877542095185,0.38416488866737775,0.7010828514571559,0.022041785192608243,0.6155941175803111
2.419203447431342,-1.8576371665734028,-0.4023822799307419,0.5102796753747025,1.2717423773086067
-0.38323410462323393,-0.0028253593643001312,0.5014458180323645,2.148803337988841,0.45634305276033343
0.43958835161993715,-0.3555298979365956,-0.46148422715819737,-0.8818927681797775,0.31713364853335635
3.1129461191239876,-0.034718807787678996,-1.0780050274186952,-0.4769743989695243,0.45579601808907794
-0.6604577194398362,-0.6402706289037672,0.07420474334172346,-0.40761695870395964,0.5297292221923621
0.5868512167366529,0.6062700368671942,0.6514947421710899,-0.9403318853252218,-1.5216077235225587
3.019113469840887,-1.114450581841953,1.2279587897072397,1.0846353615546125,0.044514069813039486
-1.3621302220780316,-0.006477286711735336,2.7721820596974194,0.11451322679148446,-0.6569380907387825
0.4652949214496257,-1.9802451623934776,-0.38864127954914723,-1.3002601104468867,0.24457319104489955
0.4419248351558117,-0.31956664211504476,-0.6693878403490924,-0.9114793926260003,-0.28192311811639603
3.076676898952209,-0.9214426035261852,0.36307272048622574,0.8328133242092978,-1.7142591704994643
0.31687679310990924,-1.2425059242454672,0.9620531985655623,-0.6314585553063251,-1.3428901329983312
1.1699829387776646,0.8672177492687219,-0.21007258132341133,-0.44839935832561384,-0.17725454187148637
0.22226482168756512,0.7142772229365881,0.10830224874052771,-0.8928810431371526,-1.3749796656802376
0.5137144811912144,-0.7941641372291285,-0.2681179845637035,0.5734995819655812,-0.7130655175960311
2.3695395456168216,1.7779074829708068,-0.4470369062456698,1.0616437836506507,-0.4343767209269016
1.2653946865901131,0.5685440212211493,0.3095430097955809,0.014019206027193365,1.2750105025313032
1.5059738880064923,-1.6509336589496224,1.4095568904164701,-0.8699938840037814,-1.3128623551804393
0.28192243997972943,-2.1107888287411662,-1.201878932392067,1.6504408334242093,-0.3901692755647651
-1.1235578834884006,1.9407829220735593,1.0874895950290075,-0.5738543022268018,-0.21985225784331072
2.1402441988348597,-0.5671230118099573,0.32365824612578964,-0.8007640633605531,0.04146095373275953
0.5711753121766197,-0.46230190940876353,-0.6497387103068039,-0.396406152501407,-0.06611194245261633
2.048021298410416,0.13060576895773782,0.6974423041169252,0.3478639548621352,0.43927335130538037
-0.08143826549709565,-0.3889832762736646,-0.22879908899748502,0.4392500423421679,0.1623361648498196
0.6357224274160611,2.959642000035531,-0.22404588056492875,0.37358961853717637,-0.6064592284887955
1.2383964000825256,2.9684444535078467,-1.0220270012224015,1.5125135949427786,1.3832433176136631
1.5475131653897325,-0.238831129602245,0.19299105252472165,-0.32439072528628826,1.8198204572501204
2.594435920917377,-0.025140361435607494,0.4871649721251287,0.6674524074986464,-0.48006721512017514
1.0976820217845087,0.3870623900167707,-0.05397103480615173,-2.3619140239182093,1.0662079828132878
1.837335524839981,0.10844833265763743,-0.03573566993128563,2.091310298121997,0.5764488078290965
1.0206167597520062,1.004907771789137,0.3719362560007196,0.4273417920249886,-0.9940970839834774
1.6410973756529255,0.45393948623892444,-0.4307821514486754,0.9759042500686688,0.17959174669230915
0.28463304398559286,-0.9668929519300712,-0.30101939023274205,1.4173839668303652,1.3356860411473919
1.5226464269877311,-0.5365107099825993,-0.8382560961954912,0.3137067055657816,0.47241490505542194
1.9447242456660843,1.1409076095523514,-0.14342073915316003,0.7962006554063742,1.2714968011301933
1.1202054723792274,-0.5809214461144833,0.5934664531552075,-1.3220303873975452,0.9284597496502751
1.664219155836057,0.3163943505624976,0.903370888906162,0.20642305123748228,1.2419027950231
2.3584680613499573,-0.14040679517833346,0.6217946534393465,-1.4261672902289193,0.10153952488488394
1.9831791319557444,0.3421569432548116,-0.0319131587116833,1.0050692541638262,0.6642470907439472
0.6301912397709057,1.2231703003495136,-1.1201739244460998,0.2141666159254776,0.8468512666276606
3.2026184069225856,-0.7544189073837974,-0.6264989121058614,-1.854960590560525,-0.06324499872651074
1.7267742432980622,-0.12920646168788774,1.4215889018631187,1.355341778660597,-1.5911760608083452
1.213225877221601,-0.15510348632434942,-1.956614532747839,-0.19374095528001856,-1.5383573287113437
0.5778866831785296,-0.4807735990108539,1.1583186467858848,1.3818703211284058,-0.033652640762281694
0.5849652461068925,0.8344555411441239,1.6160993945696076,1.5215129827595946,0.46312797649986853
0.4735145342078576,-2.159156535692197,-1.0357471704366845,0.2170734144678155,-0.9780379304993105
0.833973919419764,-0.9968464068650172,-0.6101842387731833,-0.9824203222773169,1.0046232605121674
0.059434627240927074,-2.251657432827166,1.447176140684309,0.8205978902075711,0.3384990326069276
0.17072350411580006,-2.019260064553636,0.30641664146812586,-2.0411994029013867,0.6266077252828182
1.2693075220324734,0.7287001384178675,-0.9996302525524585,0.3951414324326611,1.7178866069353327
-0.14269010687927886,-1.0212082950328494,-0.7289572158721445,1.6101387446274114,0.5324481958632459
0.43135071919610396,-1.6306516372346962,-1.0964797858292987,-0.5355623937360623,0.6478441173837757
1.4940677213654672,-0.002003157224642005,-0.674113404217743,1.8215169878293311,-0.8573608864363454
1.5588043777868261,-0.5944473586202593,-1.3024509629915366,0.2616766678836059,0.2784926532642028
-1.4718249050768137,-0.8868324354424839,-0.4962287010321407,-0.024949068580787284,0.6155889184315855
-0.4441489273281319,1.7196620625719135,-0.4410613301800915,-1.5913188054113172,1.1538375397649325
0.14715033430904756,-0.005769428298567761,-0.4482128456910015,1.8250248497031938,-1.6373844683216978
0.9808982103296682,0.8621678006553057,-0.2734873324402102,-1.128395416345114,1.1049836105940298
-1.395262054104022,2.0908333622940827,1.0231430290642254,1.4800155249515998,0.7497548504901053
0.17970268677608936,-0.33500761520338973,0.5130302942544027,-1.2868105506450969,-0.39519243426095685
-0.8175013422023375,1.4946580442959578,-1.404039388166343,0.4156149426846442,0.1546033925881663
0.2357585851060061,0.6905099032531302,0.2177033850328601,0.18455546801251804,-2.236369624489649
-0.2443367262602857,-0.1771061336507057,-0.47687261579973295,-0.44386176375730596,0.46696434101112605
-0.4624131898267922,0.43414065672731683,-1.179026411608341,-1.2139972762839495,1.3873375021985264
-1.0997019595473825,-1.2819114167581809,0.6871579416622096,1.5719546962569801,0.30139524408983454
-0.9786489402696594,1.0417895567249942,-1.477369338933127,1.0616478414100028,-0.919580766254619
-0.21288640803745396,-1.905316148387051,1.2235847335353933,-1.2016732602665932,-0.7496504163612452
-0.7418167457366858,-0.7215593701382811,-0.6782820013705769,-1.5523359834614447,0.3011960118301176
-0.49547315650088936,-2.2703699145744682,-0.755749937859097,-0.3495302143345763,-0.9792654335417258
-0.7684381287866113,-0.11343219797332413,0.8792660303039729,0.39225309566356903,-0.8720390775825276
-0.28302341341491144,0.29493111731047617,-1.518102306515588,2.0120319558919633,0.39115490237169637
-0.5378992094729544,-0.8908022296551024,1.0109831288357736,-0.7450594055622803,-1.3792797623776694
0.018251850852486873,0.8966353817687827,-0.2391786747150908,-1.262677185889205,1.0703097345304151
0.8297339211591146,0.4414071671167516,0.5736532323210863,1.519653712380475,-0.44075822898457906
-1.628909221522411,1.3783951513832073,1.1170190682778325,-0.7329189168783259,-0.1157034366670527
0.4212959247843659,0.7897061642038462,-1.6923407332680525,-1.528592950708546,1.1232068835830253
-1.4464364528213083,0.8540847153278565,-0.7118226748651141,0.2445237298208353,0.2728157122564903
-0.7921707139896788,-0.705017050172073,-0.41820313586148716,-0.9161363258041215,1.1250277013771373
-0.22804203903725082,1.8163274014794932,1.2568532333741311,0.49890215011679334,1.6381900373633862
-1.5721976773599726,0.5244085355953447,-1.7701852914156289,-1.0407827600980426,0.5201227205436665
-1.1452553305421982,-0.5547506486295505,-1.2853878258553653,-1.7149000499468776,-0.34262536638476954
0.7113310172730931,1.2836777390738832,0.8159679675432476,-1.3878362783432159,2.0709728784059647
0.10023523759445918,-0.3793908510492765,0.8359583916860028,-1.4234970719329403,0.15367389841375628
-0.15078563409497214,1.0928492512551824,-0.3593779897428456,1.640829665675245,1.5818776174835536
-0.7228054557733068,1.2845851751020323,0.4986088748627823,0.055965439095598174,0.5406774555209053
1.5626605826494586,-0.6723181623222305,-0.02372786406755542,2.0800883097806158,-0.6374635837906684
0.8501747193362048,0.46031711515074913,-0.1105368957307758,-0.3384865256652004,1.4222542742909305
-1.476731400120487,-2.370211996165775,-0.3501830208905269,1.0677940373487442,0.5794404130097953
-1.2751005277494538,-0.475772427507111,-1.353029752341198,0.9959347083850443,0.16391802371413586
-0.39781297356920853,1.9608301204372611,1.3655330613084398,0.7531303996560349,-2.01914662034285
-0.04308494039179368,-0.49578673802223966,0.016890204407334256,0.10724716228111769,1.92708421475078
-0.42197397469149445,0.33824100956557596,-0.9654577767298435,-0.13686725820058804,0.3871057456796749
-0.3522944225241182,0.11385228874176366,2.070497940037834,-0.9294799029338572,0.9008649261481381
-0.8906820582546494,0.06862429626104659,1.2542711218651308,-2.83163333570873,0.5581878334238569
-1.3664567785674124,-0.1983602221832152,-2.3587038435578984,0.9225345990602517,0.6952473451443302
0.37372114410863233,-0.6389065589856929,-0.11688269309992105,-1.9537277956001389,2.137475786310565
-0.8793225474267259,0.40704871478858967,-0.20336361860948893,-0.6176298719592864,1.9425712631752001
-1.1631671914634785,0.6376031887879324,1.1232056844852025,1.2395117299296707,1.7930330133742238
1.0833293071728098,-0.5207392146025696,-0.8446222786576806,-0.2374088845658029,1.2457941445433083
-1.7671898463321019,1.0243810426152018,-0.06752300324843834,0.16314274053168865,-0.12696375332610044
0.6938292422887244,0.019097308142069423,2.328360988086109,0.29173053351074696,0.7198835969406114
-0.5411478003307078,0.3106636624065372,1.3287198783821572,1.2628246364417768,1.1481365518325015
0.224354639660365,-1.5507257023246446,-0.17633311446020616,0.017282699665459034,0.2898992282939655
0.8379437130705318,0.853887425794979,0.9096243731537623,1.1141737978497888,0.13688143463127497
2.2816671003669473,1.6657493232227363,-0.3033710603210955,1.0810654203821835,0.3363602369767925
2.153218740217661,1.2698845257604006,0.010094076564978072,-0.20171354204683656,1.0010807041106922
0.0809886131534624,-0.49723206703521317,0.9270041327931008,0.5718705629253327,-0.02744139644985205
0.5559135723417801,0.9257218551515988,0.5970673685102035,-0.5820217212949286,-0.507985618482486
2.0298406685704014,0.14561394334462102,-1.3555150205788,-1.2084262664547172,1.1835036231362552
1.0735556390084025,0.949834440150612,-0.49556018220318626,1.9530265045953272,0.38101190305558263
-0.3947090580804722,-0.9711937417013327,-0.40251061824712964,1.517908041168885,0.20391018474995404
0.027844398263932812,0.51688728906155,1.1478017571570907,0.7091429523661221,-0.6510028827928115
1.2428802226790179,0.019523199379963496,-1.190331725218154,-1.1264997429529344,-1.0640561133209532
0.4613366571616002,1.2227403678342796,0.3915518883611294,1.2452023328699149,-0.27777287832688446
1.9889937557926403,-1.8843619050235614,0.3253395589631225,-0.22095710207399577,0.23086909527062952
-0.8624318511099861,0.9709592875878933,-0.0633077221996765,0.7915890538768715,-0.2449095172950982
-0.47581378565598914,0.47646573800180897,1.1776658673113032,0.25507798102792095,-0.8610879432048195
0.688704064442278,1.487039469989809,0.46602448537787566,0.06526266687859753,-0.15809479916078636
-1.9683731536185345,1.6021145795621268,1.2174891780929,-1.2570759364724238,-0.09184607165793396
1.6573240701443221,1.8316461350378088,0.7792470241715105,-0.8486645653344919,-0.02592556078923082
0.03597758601765333,1.9554056768226327,-0.8050962722140474,0.2010274866342604,1.5993487066737777
-0.1607595795144355,0.054008745928377566,-0.8663718499909612,1.11541183466265,0.3805690947629319
-0.08004603897194673,-0.8535963189001806,0.11569367586626572,-1.3889053869152956,0.13360358100533548
-0.9047083115429639,-0.19117236605731291,0.5183250871368851,-1.2534286900517613,0.5296759022152333
-0.09883510113465138,-0.28401770313957503,-1.0577613421574863,0.20525227199513688,-0.6945307461625962
0.10864082833456351,0.937604002119923,-0.2007931589192754,-1.4278831275617383,-0.2911986249515018
0.5638508241820364,-0.2714341425875405,0.3544331480479443,1.0785772065697894,2.0328966418443253
1.2532159053379655,-0.44890857286645847,0.8135525196272524,-1.8504619243878937,-0.6886768896999578
0.8108971413540428,-1.0539697199929725,-1.7306614351217684,0.7957607744915028,0.7672277855055285
1.0435568617130855,-2.255182628404937,0.08804036289297973,1.4851139616767075,1.5644688511935096
-0.4061039498698644,-1.056966957621355,-0.8278630159015292,-0.8636081727445896,-0.7895256209526041
0.004287709401888717,-0.6597827028659013,2.1009046816371675,-0.24564420919516247,0.3759333691866447
0.7005480402168455,-0.5111900037914019,0.9120587238602264,0.4636952706474295,1.093517284911267
1.098538128065974,1.2307565404007654,0.9500259829661943,-0.7356776554346436,-0.6012209795101195
0.054243407852191616,-1.0394198109053283,0.8260709402894733,-1.3841181580512107,-0.8607283317994714
-0.3561765030721959,0.009761441111923327,0.9164020733835307,0.7160564323791674,-0.02683444525283457
1.0911400428706148,0.29011659292928993,0.18778389745700363,-0.32762971701893445,-0.9960953559207133
0.42755013393469565,0.683190702669189,0.2079021891226681,-0.4950481553664005,0.15606576017641885
-0.831571141762355,-0.6865545810798397,-0.4382640634283105,0.9706595176313091,-0.6613369345112817
-2.068702788172103,-0.5731516885876814,0.5816462189428244,1.2214518659814484,-1.1165876596178068
-0.551362602363115,0.8806961545068317,-1.2052594729601915,-1.05729641912369,0.5567801176824507
-0.08982433909934787,0.47547827037774715,0.5075450841228778,-2.364436530466838,0.9748232876194702
-0.7348979465556253,-0.35765209155189626,0.5001112987167973,0.22670991965728512,0.5912093029147776
-1.003860229720423,0.17619566622249966,2.3804756503600992,0.08322250335702142,0.3018343807160811
-0.41064149180148074,-1.6262623892501198,-0.44596109278210333,-0.5012501656012895,-0.3201405044588157
-0.06968312134187293,2.597952446065294,-1.1969436038878332,-1.0257100040778802,-0.4862072123192184
-0.6611322116163656,-0.2099651285779327,-0.6536197992353933,0.06230715190691755,-0.7697740793427789
-1.5315452621969428,1.0823031658693938,-1.0004562534377688,0.8300993238721001,-0.7262283493427671
-1.2350703351949996,-0.3812914908329692,0.9050314043424924,-0.10409325236065214,1.6033155554533196
-1.2419562487047935,-0.8094042707437278,-0.47787213380536053,0.020546560424930138,0.39422711190470466
-0.8795586953384197,-1.267273135843003,1.1642937131656592,0.9052717860230897,0.840623537650224
-0.7847642275421505,-1.0673972772909819,0.11282557304080616,0.21629601367745077,0.10153198768574867
0.17317980445282277,1.7584668930064296,0.22787687796547534,-1.9866030913836437,0.3707541372571662
-1.1501852884603814,-1.4687594972269418,-0.6484153292438016,1.504786067451151,-0.7927829355471547
-0.5036808830005197,-0.7373648088123446,0.4275717478805912,-0.8519086171577119,-2.562330747708224
0.2954636134727554,-0.7534084240276426,0.6878372492836822,-0.6670587710575453,0.8599852442410887
0.5291734707860077,0.7866245193971949,1.2847547330416254,0.2908049397158952,-0.20404793733687163
0.1267180708383004,0.5021741266076667,-1.8482018140271572,1.0238954698913867,-1.6309532953481334
1.4789974572295315,-0.5261869321806507,0.41713802486756657,-0.49791970744006053,0.06926025993015827
0.5730115386364901,-2.563531021180658,0.8359559923331253,1.635672084450882,0.37200234007928495
-0.5831254337694761,-0.4747556378128251,0.8404241589437382,-1.0049452832277024,1.0320107448366602
0.6940841920539612,0.719383833144104,-0.6972863463808859,-1.539147546901348,-0.36513294333572327
0.5772996974206112,1.5821355910180372,-0.6580715485093884,-0.6594829502282916,0.8864556234562608
1.130606599642649,-1.429822130319765,-0.12459683730335686,0.558992711641578,0.3267193157085036
-0.296110177847331,0.6735947773131228,1.428736860858104,0.9121588685760488,-0.1359264618596232
-1.995543518398804,0.5606993287059094,0.5643908072435021,-0.6812129710157406,0.025565213726147756
-0.17780275706529514,1.6355628344712714,-2.376822478701504,-1.0537776046171135,0.9406791648617722
1.1407730669681975,0.5318394668488586,1.2271281178844295,-1.4683318564356849,1.055117282222791
-1.1083357885604976,-0.7744516701375502,1.3149445971909508,0.583600242421425,0.5901716516114746
0.6239297473791856,0.5100113807087743,-1.3271074738268398,-0.5241476778818905,1.179849345120974
1.5712152638985475,-0.24502709096177216,-0.3269182046475908,1.0711429410148345,1.1693655751766932
0.10370183379006498,0.28431176287758614,0.3665043087545776,-0.08592673307059889,1.5899509939891963
1.1442629616602285,-0.8495986166618161,-1.0633495250927445,0.15296216681455221,-0.19751994534528894
-1.8484239612696352,-0.9596063372799097,-0.09647962397194915,-0.050899610804802056,-0.2717506739018728
-0.47586936755558357,-0.9658881533279956,-0.21904097097398667,0.6163177347565117,0.8553251849003132
0.7379088875915045,-0.8962260857873587,-1.250494884329118,0.8127089933115047,1.7392319762874457
-0.8786028049271937,0.8673750575201133,1.4772281723455514,-0.2978690210606662,0.9232558661361598
-0.22117880034621729,-2.009882746175318,-1.867771506787036,-2.0385121912188353,0.5222949500049828
0.8650502875362902,0.8628599497164177,0.5128456311663474,0.37682794917074036,0.6086028123059386
-0.6811115070111171,-0.62321531827916,-0.3599907066795281,-0.9477920868022465,1.677415871018607
-0.23146624662836907,-1.0226109848044804,0.09431507185999848,0.8829201714072373,0.5700429101083955
-0.7477872048728504,-0.33364962589679986,0.46477893073692,-0.7191127855721097,2.763540340776175
-0.4022519993405176,-1.102509506044251,-0.1404885411197128,0.8295590379976375,0.3299888602696644
1.8724014045002415,-1.2600183477873605,-1.061683537583675,-0.25510930697384826,2.2902184358561604
2.1770616458341485,-1.2989653592666266,-0.11351485615348283,-0.8280650995355169,-0.00024968364759281325
1.3179243694501206,-0.9773544396410079,-0.9984946310563494,-0.11634497149448578,3.2031503118873657
-0.921011145647914,-0.11420139919889594,-0.9569900479061744,-0.4918132633697503,1.9936334279916235
-0.23478048006378838,0.1282804709758728,-0.41241113105614047,-0.6898497643378396,0.9176747769002802
1.2178415300592857,0.9986010940013406,-0.9535076564504961,0.12750658235319767,1.933644937345559
-0.46699921971432923,1.0587119801679992,0.8319890971746452,3.066553424928456,1.2309871475195948
0.5858838848520802,0.5107512046027309,1.001832522871204,-0.914987555415292,-0.2943693109154334
-0.42668027019613375,-1.0485567559159017,-0.8557515707848824,0.2999263585544015,1.521664549685936
0.14444591788654945,-0.4036212192191137,-0.46469551330440123,-0.9370302823150441,1.7952472923643774
-1.0603362456405492,-0.5510498957308312,1.5135757126745648,-0.5015668907485141,2.477826523158149
-0.848567737005115,0.9084669549130254,-0.1323157261879655,-0.843821866699642,0.08838210297693772
2.8753497748691457,-1.9804915741874172,-0.5968055572251193,0.8019556157311476,0.8831133218758156
0.010460127597663058,-2.3302373486097467,0.235023317691856,0.8471321644676185,1.777777145610346
0.06799631360349664,1.7044947509785073,0.8252420158460803,0.4100792415187091,1.6420064154784573
2.1812159077906044,0.07834442700976876,0.04629465566530988,-1.7909795155638342,0.8105166047075065
-0.5204855557864796,0.9280824590526401,1.7814770320015982,-1.3583676559172346,-1.314794213726774
0.6013268201831505,0.6421517924394946,-0.9932421206700817,1.7929954673718256,1.1905403018587735
-0.5466820401214283,-0.472970902002151,-0.40726934309270996,-0.5658740729052675,-1.6655255313503892
0.8945584833872093,-0.9153801828735746,0.2956346117379683,0.5152211083229863,1.5637650097456706
1.9266802612806804,0.8454647451824165,1.3407549085312354,2.6385774750571658,-0.059228046640040555
1.1955873838167455,0.050788544289434565,-1.5758929505877977,0.41223415528042506,-1.28335374789586
-0.04301499404539144,0.45211971330126816,-0.2256014460717982,-0.4783392725075658,0.8250182272470583
1.1873392178343192,-0.09236118750975643,1.1329775100143304,-0.20601307558049303,0.685528066538546
1.0399555828015457,-1.1620353858727175,-1.0504444550394316,1.3609021464988518,-0.902008487702413
0.5097545143816797,-1.033602224621932,-1.0301234558941192,0.8918661362140164,0.8252631287422924
2.1340446198950307,1.024372821679952,0.572197650535202,-0.5198083686582117,3.256448790761208
1.3606340024084052,0.9932680689298836,-0.4559568580631419,-1.054432663916197,0.5068175187606055
-0.6972963628551736,1.199126457423917,-1.2582564015181148,1.9253512296450372,-0.7742455281611311
-0.9175292577621622,0.7912507516298045,-0.10215637516032355,-0.729904979703487,-0.4766850190433706
0.6918390592230813,-0.5907143778967929,-0.45089783725484395,0.8990549041609105,-2.0270668285191404
0.4476227811636867,0.11492080606494562,-0.49219865302074106,-0.35497791048612626,1.7533900405757525
-0.44327231146263607,-1.142781447470169,-0.7075504400329652,0.5955819654464382,-0.08358524345720461
0.6999736578275676,1.6582092377726427,1.1023926324552624,-0.38394403090621354,-0.10312446837683417
-0.557032781595251,-0.16883507835789358,-0.0017219794621468193,-0.6759332265484591,0.31026230213815115
0.1022528718897557,0.9262086755356467,0.5301581485996664,-0.5274613928879845,0.1861060327439633
-0.723299598831632,2.024019108065584,-0.17971893963022467,1.3312829181210581,-1.0314937909102588
1.9804815033290364,-0.44434115058911117,0.6311666435427208,-0.41562787520227895,-1.5565340313457556
0.10814005434093144,0.41059706528205786,-0.14081313788871008,2.7563450422084474,0.1067545011324933
0.009925081710180361,0.01989793662677794,-1.4896312635459732,0.010408172519132147,-1.6192835860222916
-0.097000372564021,-1.3455668904638953,-0.5931954901446793,-0.1538427063660698,-0.2236521135030828
1.2813324701489623,-0.5062834543801914,0.9337981332618899,1.3163783995295024,-0.7011527177137676
-0.19656933329185777,-1.409324351048569,0.831529374646916,-0.37669959575607126,1.292172974408723
0.7437850536056678,-0.8421515135282517,1.9881210864130776,-0.6539717169943836,-0.4691698237041859
2.3845618848918058,0.1469711492822513,-0.8157350173348565,-0.5296613847608873,-0.6061980230116109
0.9308737959669287,-2.7675266301539887,2.486332735194755,-0.7292182914303035,-1.195657667620842
0.87919582667232,-0.8599083638433498,-0.09909909762034785,0.9638719543222116,-0.6012062097591779
-0.11015281294775459,0.2634199545076259,0.5609794324066831,0.14226147684459006,-1.288982747081087
1.2794449660420968,0.9164667611512084,-1.413210896264788,1.6181210455511539,0.7146087287870816
1.910951077083217,-1.087090058063535,-0.9667580772017194,-0.36522620790310845,0.04472688719689338
0.532930257845008,-0.6718240366523976,-1.2055624780240084,-0.6108558540207271,-1.1233165658995996
0.21301814398643992,-1.3554771122301599,2.334153913934103,-0.40011952749853597,-1.170285113452714
0.6736162623526813,-1.9369447384880643,0.7070998240065418,-0.4681248104557859,-0.5337709185751435
-0.2778175233554453,-0.14220282427191444,-0.22934880418104042,-0.10874192233593089,-2.064545296009098
0.34945334086579183,-0.33555144610813803,1.8277534590110935,1.6384051850999755,-0.225966498904674
-0.3381927878763253,0.7148658194679012,-0.8934184603196528,0.3597171674569487,-0.7849317818696693
-0.013021886599480614,1.6686327840593154,-1.358778940238301,0.2395178462618724,-0.3229862435244504
1.636443001320038,-1.2152468068368294,1.1548429565794962,-1.130763851231848,0.03562048217258651
-0.8298844025806841,1.1992840399156708,-0.8323504862266781,-0.718690731435541,-1.0195007683901924
-1.00130363519239,-0.3312359771001201,-1.577283429724612,-1.05412885849736,-0.2853463415586618
-0.15467866073224965,-0.19793154882203787,0.4937302611388178,-0.08153184746537828,1.1362715890389545
-0.37568455087361174,-0.018992213179294018,0.18261116030522048,-0.6060621061912765,0.3995438882218714
-0.9628761272484941,-1.0356644544873277,-1.2650984302060793,-1.5310862286803615,-0.2501593738299504
-0.8345668553421715,-1.0630300485760338,-0.3618597650720011,0.2791056551597051,-0.5204659625919826
-0.8092762101691021,-0.34169942518420593,0.16213005035981093,0.4702710285973051,-1.136670961363882
0.09347762672109217,-2.5485971000874392,-1.4466908168154675,-0.4718775820883624,0.34750839282007817
-1.4585164243066442,0.9718327251098025,-0.9826083648865703,0.05542122727138292,1.2407837896463163
-0.06343388730722177,-0.07682052452614732,-0.056438117629523665,-1.3680733003892134,0.16750508838622596
-1.6130123582129698,0.30299422706744195,0.09674208721082504,0.49185283668655116,-0.16585600495118513
-1.392011029445972,0.5727668762126681,-0.23949480157187822,0.11540072496291079,0.9207273999234384
-0.2980033443038212,1.3753422479574562,-0.7682380227760991,-0.7571183283765263,0.7305319055970886
-1.6278371941684124,-0.557853600318802,-0.9145207540726734,-0.1701458366979487,2.1058569104244245
-0.6596628428283766,-1.059232886112209,0.36967338717945514,-0.12450834683387366,0.4553416132759007
-2.5255596739365878,-1.3528860965405127,-1.0655738009221432,0.7160236604285053,0.3098323171226279
-1.9352359225618032,-1.413392653065915,2.077145661158979,-0.8396172646662463,-1.1272575801779467
-1.9936629690814318,0.5475218774849046,-0.24639822527984442,-0.4368660199110961,0.9069399894894266
-1.7843588747472197,-0.15316916593160365,0.17068872840258323,0.7521102294524711,0.35429577011820274
-1.4381558657252518,0.6741467957184221,-1.0789687566060975,-1.2105378918198342,1.3752834112379921
-1.277981032253549,-1.8247554751663253,-0.5305988788657645,-0.8160427887582637,-0.05957021052960393
-2.9339728322895127,0.22826012829932835,1.487111072379946,0.022997198015292153,1.3415936968229665
-3.12500818938987,-0.12614917325865085,1.5380626978896021,-0.49047991741939656,3.0322633031885244
-1.7628967759168404,0.02627808385638325,-0.8105316333102953,0.2959707800815228,-0.9522047346675424
-4.083199843492656,0.1455124783283994,-0.13979447475291285,-1.9656414108488842,-0.2665168709269608
-0.19827001607032413,1.1137952772610098,0.6081001443848786,-1.0376063717357231,0.9296727700964269
-2.0708819079056804,0.9214276657982091,-1.6305185911865294,-0.9846449102056546,-0.2324014775934083
-1.4281444334014808,1.038566176430166,-1.0708717968568129,-1.103669561126695,-1.0079166359981453
-0.9495488699870428,-2.3542620265665053,-0.7766842308611696,-0.7952793857737642,-1.0729655642995242
-1.4881943322019986,0.5888317415733844,0.29316741778055466,-1.56224967098832,0.7691167190747424
-2.4753095866234514,0.7908749685770747,-1.169484665462567,-1.03027533068558,-0.19799689562166156
-2.732135888691462,1.347054021410839,0.05757004079435675,-1.4265296695058787,-0.6569568450311419
-1.8699455109144503,0.41937352025887514,-1.8498241960824344,-1.5089518636939672,-0.4644662697523104
0.6117516033275028,-0.7055115744971134,-0.21443166264987887,-0.1484909538165708,-0.2664752083295795
0.8713394447232499,0.18868067402397928,-1.6252813862917683,-1.2080681624217855,2.135261872736219
-3.129427666377942,1.7617915122183607,0.8837540786764334,0.3071817752895184,0.14102389569938936
-0.15315305451744843,-0.5418654836585235,-1.2307796777553497,0.259238084408446,-0.7984832030858391
1.2967085796448927,0.7782030962966088,1.3194500678685226,1.1969431264272237,-0.6627109815324209
1.6423255847631932,1.6880506965450386,-1.5277200525207744,0.5619029043468324,-2.5868627282015355
-2.4979851523241576,-0.02743231778980884,-0.8271413831553495,-0.9308825502965365,-1.0757509150215923
-0.9341984391298429,-0.16117663839620516,-0.6215184440472663,-0.03791558541647372,1.0273820524250936
0.7468274560630279,0.7986620150559969,1.7639949550143705,1.261580601309321,-1.3327528443378782
1.4517485955106948,1.2078603410934292,-1.0291151995872774,0.17316536268526542,-1.3031589800189243
1.2112605385275805,1.476601489690306,1.327427449249573,-0.8429199400267036,-0.30224382904692304
-0.5433255241914442,-0.7065785521023931,1.571046011974333,-1.201526575922195,-0.5912015106240289
1.2527443167317225,0.032127304939136805,0.1304053276443901,1.2103106004485702,-0.8729400085556798
1.8293577203159133,-0.7487026456279094,-0.3627665410686808,0.31618789220660737,0.42724732471075777
1.0948209671425677,-1.7820965112175755,-0.21093385518459612,1.4256322762992508,0.34664402382581094
0.25192312062853384,-0.7964946343203501,0.6142250919021186,1.9944915553172375,0.5886909415498047
1.4113437629064385,-0.255405659629403,1.540699087762623,0.5285246570849994,0.410195572598908
1.9911509270426961,0.07623899966268138,-1.3706453569379686,-0.04831525505169722,1.7539967946791388
0.4223492734165485,0.6872118432640513,0.7480278408060335,0.7291863689848209,1.429710910625505
1.7570821112378918,1.1234779298326156,0.3363556182011514,1.6788107070956335,1.7418715165332008
0.12340804237684155,-1.5136197414060197,0.6911881631288593,-0.565066744880392,0.4395047169907958
1.320409498639651,-1.6549130090521587,-0.12607698401984174,0.7673954503901282,2.5822472182713465
1.489984263863438,-2.1598224756017768,-1.3154802168263466,0.4701497431693872,0.9684926607899942
0.6826074702604903,-0.3438113407776471,-0.31990950012930586,2.22987876611509,1.2994551581031168
0.0884108133470981,-0.8011658565845746,-0.913307009451962,0.36046349201428046,0.3483638230380683
1.048114499599214,-1.198673775013135,1.126778474160132,0.4546850251761512,-0.8578812229206845
-0.10114638327700898,0.6095744902510765,0.6045653884427731,-0.4309925841031099,0.8411193127505201
1.7237007712145884,0.14146591221828686,0.25223238975648066,0.23831692194976284,1.0724452408673844
0.7855354532411838,1.963510821954196,0.36799793292468436,0.17264623742394872,-2.0286632124309563
-1.0823561295488062,0.8577101506919537,-0.7178659934752549,-1.6279501037426305,-0.15329578192487006
-0.17091862007419623,-0.2553160894016968,-1.3500765587038193,-0.18011615734116881,-0.2701552397455429
0.07226225641527498,0.2877961971982324,0.21387988899022758,2.399340619103734,0.6823588754299411
0.075395043279668,1.1715940877786013,2.508375031831215,-0.2732268655011445,0.38903947359267765
1.5479805188226374,-1.0692762390172548,-2.4851459560078233,0.2237120559312049,-1.0134667102686723
0.4738661481149149,0.9218601674030993,0.9903664675365318,0.2383905841538,0.06312923580284968
0.017854163723874994,-0.8618389751510459,0.7280294489909994,-1.7039412406764198,-0.5182625929151358
0.34806797974910836,-1.1500864223012905,1.320934003081888,0.07026665639298854,0.3543313792931537
2.0125883481392632,0.286433148996684,-0.5277097132593305,1.643802437607067,1.369097436937527
-1.7339457727466763,0.1763645494556712,-1.0528002092614996,0.5436083739807683,0.6878821257089316
0.8247640856944287,-0.8970920839114798,-1.0805140958216053,-0.8012886934919182,0.8444580128951864
-0.038319605950145164,0.6729937889518355,0.3677641902037413,2.360088632954013,1.9743549554742712
0.9474136256873847,0.4811895682255705,0.6673434485798269,-1.4668137050674428,0.4371822998757525
0.34490917511263236,0.2793634519363605,1.5597809705261736,0.14029551212918756,1.4275796246656784
-0.09561296942257563,0.985376229428907,-0.9364305432609452,2.376043891026753,2.6904368940674326
-0.7335980659132253,-1.3411021828369691,-0.14888059518071417,-1.3793828239369303,0.30428020404746825
1.2175913738569966,1.198900650079972,-0.015741325356957686,-0.6191934743707211,0.519407811801106
1.0481260186666577,-1.244589225956357,0.11763905055880397,0.14364003943189058,-1.9837981842250474
2.2851410426894434,0.0991247953445276,-0.02503036917101457,1.081873785491648,-0.05275811467111052
0.9982128281722797,-2.1867892800362516,0.17365567432732804,-1.0439877782823774,0.21508732444236875
0.04722475704426776,2.2575948343638195,-0.639019504542492,0.4715244597493728,0.6431131432928641
-0.9646799481716049,-1.0548574078423374,-0.667877643565588,0.7384909112489357,0.6793044975765057
-0.7913042887183102,-0.4571356750298704,0.3362131629337255,-0.2983257489150556,1.4216643909605535
1.3166755103461623,-0.4906553750579739,-1.2902852853828337,-0.5874147116011165,-0.3516053535493228
1.6230982522991861,-0.13817081498970724,1.1458438826627086,-0.10568694394823311,1.5725256150607412
-0.3968281600610663,0.5226853197784019,1.461394017344721,0.18695916584192973,-0.4449396361133666
-0.8931382274118285,-2.121475254066152,1.3994277377569302,1.907614625734166,-1.097798225886118
-0.5685350859039271,-0.20632966893796684,0.8492949189351693,-2.0110706141684687,-1.9369138428816197
-0.15625402250646533,0.06235050750005913,0.5760030612150973,1.7921617234274172,-0.710798453624941
-0.6957943363394051,1.1183645954565717,1.0761516122587504,1.4343737830667131,-0.7006933829785262
-1.3049140015958776,-2.119987522904759,1.3846209628356914,-0.9679548186412982,-2.4860052371058594
0.042643171203524566,0.01031784550326395,-0.6515274543153026,-0.6428637797540968,-1.6528282312028393
1.1202813510736749,-1.1033087442436913,-0.018768788995461687,-0.6692598433865816,-1.1857131575921889
-0.20796996751626484,-0.7133844708121262,0.1971737339330935,0.7508462843157944,-1.907552346168965
0.1189301235323493,1.417210375231275,0.3179069566384649,0.4376734773932361,-0.44495546799467023
-1.1113954180420833,-1.4052039195873038,0.99372528288115,0.24365585049064029,-0.1990449792612975
0.1336997860393737,-0.5762711824523341,-1.2130578638866678,0.6225470006737773,-0.9160441545327007
-1.6613829072083697,-0.039913971939521564,2.1143197864774295,-0.15314897086362167,-1.6219425747330845
-0.7048072906014766,-0.2518374107276758,1.4108118546448178,-0.6905649122124364,-0.9097822822854762
-0.05777233860341491,-0.8594860891665599,0.2206698806147161,0.18514562785799182,-0.5167809228692172
-0.9419196898823335,-0.8294461568519969,0.8024879737983208,-1.6137663205793806,-1.5319452101404512
-0.22991923794038532,0.6217631085382156,-0.14861483016338964,1.3480584245941138,-1.6787847292222144
0.666333295076973,-1.9603365885886066,0.3329857609338811,-0.012239700836630674,-1.8094626818394834
-1.5603307868248206,0.3123572735277269,-0.9089782571378209,0.6401715188431008,-0.43297856848891925
-0.22826844906571991,-1.4837381347649008,0.761469512703384,3.5447689613799334,-0.30097767977337
-1.017302447278479,-0.11189285675710733,1.574422754554208,-0.5481053008228799,-0.5741776656874871
-0.09989652059636961,1.3104672072835704,-0.1303972988604466,-2.1234714400118433,-1.45335795524006
-2.4896694204412073,0.212045980142264,1.5195888891844143,-1.6309466871496672,0.5928730490719484
0.33295688781322197,0.0250849490451737,-0.4413039989207714,-0.7515928455854682,0.7462334196730768
-1.9733574213084568,-0.8740483483395045,0.9017241900353399,-0.31790659437354346,-1.1428723941323922
-0.6117271475082142,1.5662582167531454,-0.1960584856229838,0.7665899946392709,-1.9674311769269368
-0.8153615949457184,1.4983327530044834,2.058693511768179,-0.7140785314156446,-0.9957549856818143
-0.01300041471404334,-1.7002659597704146,-1.2953691837062926,-0.5219698810258399,-0.7644173228965445
0.6080033395564886,-0.275189267535286,-0.690707692675197,0.39288621608979557,0.2614057283718937
-0.6843628404942584,0.08646115457273026,1.1195890388569505,1.1684438698579747,-0.6633522712330908
-0.4074381914550439,0.052287667410644445,0.6618315415684685,1.2032014686083197,0.8663594520810496
-0.4913454439463577,-0.736508368024809,-0.5870114896663023,-0.2737870945315232,0.15729208547496382
0.19751880383249348,0.6036395003764455,1.6505595930676793,-0.23403717059166418,0.32226414933164615
-1.62824554460902,0.2591749931574752,0.044594237155379066,0.6890791924688253,0.014618440840816566
-1.0339878832862666,-0.9294223909793077,0.3020963045523201,-0.2043549423708816,0.264640477254428
-0.0994098754587675,0.39090992617675085,-0.23310434396114268,2.1277799165138163,1.451165088690064
-1.3474318590989853,0.9787773675471277,1.0908012810183372,-1.1989092718616625,0.07576389818943008
-2.7163600805635193,-1.2250103100560588,0.23587400135188855,-0.7642239943806253,0.5712695776720591
-1.6483599197301984,0.3771483714035828,1.3130326263893233,-1.43738782186246,1.3495312847682388
-2.0088749388809966,0.6437710946900993,1.3974417330789652,0.07788805548096667,0.03558772588119241
-2.793541392305962,-2.083221861604086,-0.596914025692084,0.05857894861864177,-0.9602783145492035
-0.7621921126162237,-1.2072120739359453,-0.20943304755267614,-1.4336406498263528,1.2121656978274546
-1.6329875792830562,1.2199870745970498,-0.9930273683200233,-0.054153962670669464,-0.01165299398158029
-1.0760672461923806,0.456801967785862,-0.9075413582206361,2.6317412241297684,1.6057311811820136
-0.7315367990737516,-2.2413688298372643,1.0748311906210766,-1.0326772664805983,0.6010671945765214
-2.0483499227195097,-2.7130225428017916,-0.20762511873795686,-1.4787097188075191,-1.4103032008804441
-1.367932658160812,0.2360539705592088,1.1553261178070378,-0.3714912784280848,-0.24446072218981102
-1.7254175263964973,-0.45067178341026626,-0.4613218765491789,-0.5939198377289246,0.8126890377228475
-1.2854150514655616,-0.8000585023764011,0.062266525866385536,-1.985493870873606,-0.8551047784441587
-0.7464369580400539,0.6590750614064576,0.7485887285399677,-0.6624761473768607,0.49408381101305193
-2.6757747676894836,0.6550983427129555,-0.898135475947255,0.01173680578533981,-1.4570399566825867
-1.900818806048906,-0.7424078966067575,-1.1810923778412068,-0.783767839648696,-1.031586495181366
-0.5438831765023564,1.4310764380655694,-1.4014670564750096,-1.1268752336939787,0.03391449678117753
-0.5031186024544737,0.5726741776157174,-0.028177832165361284,0.2309188409747297,-0.016228067382474065
-0.7685007991371446,0.13723349175602387,1.1283011115084338,-1.552884241718944,-1.075556512472566
-1.2164316165613025,-1.9747282433712865,-0.014691556427766712,-0.20485539968455377,-0.9899362935615186
0.10385001661994275,0.2744236717907992,-1.3273858848767934,0.1966168590252355,-0.47359342658161246
-1.6304602028452586,0.5367956886612356,0.1219571438373289,-1.1436841364528259,-0.8284030411101841
-1.0082020473424351,0.40070249954430626,0.37267727657958943,1.462465286889977,-0.40335834613849075
-1.0981299516973986,0.514152576108231,0.6564833449948798,-1.7154020075515803,-1.8448585272138303
-3.0686926777212262,0.6613584451088922,0.17818889828153353,1.4513380995983653,0.997997432756289
-1.7392078638776827,1.5706250274361848,1.7164290837733005,0.3656999327578425,-1.1614479528637554
-1.416437596799982,-0.045091514226792945,0.10378534057988587,-0.6177725132673322,0.6826805473989758
-2.403431506050183,0.6642924184283522,-0.2599131485707601,-0.7593332905290047,-0.791753935803091
-2.9239447935455964,1.9103114396538436,-0.6176849456038144,1.7855405071446815,0.5707368755553462
-1.9794233681172777,-0.15655117854852585,-1.1229929007071506,-1.0094730156405831,-0.4757319099978945
-1.1871354750528853,-0.003444658439107684,0.33634744134999095,-2.74989073222361,-0.9849964572022964
-4.1718021490880846,-1.864086099497889,0.2664164001937375,-0.35299546399579806,-0.31074618802906395
-2.78289114730468,0.7587144020101599,-0.6747269257940028,-0.3546757163709081,-1.6542183185838133
-2.0218320807477443,1.9756340167821014,-1.3561126109926505,-2.3357507662031214,-0.11238845148498139
-0.5092415793428875,-0.34628749568302786,0.8949867284482812,-0.3827741753807593,-0.9779250399096595
-1.832234442143662,1.7194378924438085,-0.8564233852604061,-0.3775412701529686,-2.647082590431439
-2.458435904700429,1.744215645947538,0.6021956513999248,-1.0188167650822115,0.3929026666158546
-0.8125150879127501,1.4438372827633095,-0.8318098773511697,0.19503812051636804,-1.4137780548764611
-0.16333408180857623,-0.6342438112106907,-0.20998566914859296,1.64648468417303,-1.6211000819974588
-1.267934658822868,1.0812500908793568,-0.7408902031953035,-1.5116562503661377,-1.227970938075471
-0.5530028091234924,1.0354138005282714,-0.14661761510521842,-2.009147294529615,-0.4929067512597053
0.09915126303834243,0.7968888999210688,-0.5240200505390171,-1.3822648459737084,-1.5083467144909797
-0.6335610744504426,-0.2986835960906775,-0.7501427187748717,0.3571707473879235,-0.6670165924652869
-0.4968477759863365,-0.3584725061779664,0.9207030387271892,-1.0448509111986921,1.1416067092373867
-1.1007336002730843,0.7781275519760613,1.283767745247503,0.3428663016441451,-2.586546894718483
-1.1503112650929972,-0.7971640920468497,-1.1692469344294159,-0.10034253187981404,-1.697410083012601
0.08681517282699391,1.122569505043858,1.005662695354918,0.5009827315137831,0.028454461010421817
-0.735938644306339,0.9850939863627963,1.4538763405503217,-1.4716095945674903,1.0129700876891115
-0.41632119740964013,0.149209137803465,2.16588127217285,-0.7919392381106114,-0.5281858350712991
-0.38722654759442887,2.4874179893670125,-1.4162924470380658,1.0672471244666233,-0.13262419860995858
1.0813607920685953,0.3932459611333514,-0.5356602736284206,0.019472182657372827,-0.5215944786931983
-0.8420711870420148,1.324345427348208,0.9822367483793145,-1.082499601078313,0.46107025016499636
0.2303446639622517,0.9788149211777395,-1.2184173051962919,-0.9117891126617483,0.36004555049638054
0.14920115525516062,-1.27070803782766,-0.59381368932718,1.510846093841747,0.3179208743595512
1.0968416452268974,1.6820889194385205,-0.29866982824996535,-0.9013838530906153,0.3177737379663036
0.3020835795951054,0.7883890159499022,-0.0018245879630436196,0.16916835566836264,-0.8784458663517467
0.7888192064231454,0.010826677837898396,-0.7592919696555882,1.0037536981827124,1.4017380744797816
0.011872442565801722,0.500286225888537,1.1077838909103621,0.08921315517225797,-0.03014528288053131
-0.008551483131207294,0.025690135941325035,-0.599146369917645,0.3354165172525221,0.4752879967212162
0.17534865262106897,1.499587474458613,-0.6393013501668647,-1.1783742503319266,-1.0609080820359549
0.6084821048964828,-1.2321759164166113,-0.2505479253650999,-1.0036976813953744,-1.6580006074943032
0.09359144188139079,0.7911989016017908,0.8576284299047662,0.470456541340983,-0.35258784092987117
-0.8836030354733022,0.14569711805866176,0.48450570257439596,0.03153125820771219,0.6007686402816164
-1.908418405600915,0.9943277931808009,-0.3135241892073581,1.5867608970553597,-2.612725503376228
-0.59304847358117,-0.4865311951903149,-0.16009877360536776,0.2172767546677521,-0.24817865464723712
-0.9457358616052831,-1.3719233658568513,-0.981945168311221,-0.3110098807054783,-0.3812424407143087
-1.5440287938582973,0.6275550435993418,0.25043224916900986,-0.6007522245854865,-1.3264186012988568
-2.5645746939528413,0.5131781187776611,0.14943323204108483,-1.7040323138358457,-1.0605839359706593
-0.9411392590806826,-0.020328136331287702,-2.125177840126947,0.14667216842572306,-0.26924980645265933
-0.42903254448459993,1.3912562538022186,-1.0177410925929036,-1.8732222653286885,-1.6329373973408474
-1.3325775368185253,0.40500840702231583,-1.923241500187066,-0.18191161312343054,-0.8578497892520978
0.3673934284890594,1.3952166262058001,-0.2341601076829822,0.6547420314063076,-0.7525237082041838
0.3865515286444845,1.2940364127484385,0.10690500366630985,-1.4825185127056006,-0.6291951822047513
-1.6935648200719784,0.12075377026450414,-0.6060815853183431,0.4117348851645832,0.07183740422777268
0.39566424217573065,-0.12055771686203698,-0.49060923851719856,1.4467560826403598,2.069887074269712
1.3880675673521254,0.7476437159910171,-1.6125522504636656,-2.4896029100501695,-0.7611072273396711
-0.5545207683342179,0.10252401362314341,0.3723833899719952,-0.14397956652300375,-0.17898665181317097
0.7092793626282536,0.9775899978833412,-0.8501012275924622,-0.46963869893547033,2.0181697500560123
0.7481809529813132,-0.5596766875311734,0.2824126343464193,1.111275975898392,1.1296454320594822
-0.023931279561916485,-0.896194801370947,-0.2574701657855322,-0.6596924357326773,0.15910581453681388
0.7031499345251025,0.5092596913646732,1.8560087779319958,1.0100098982051255,0.7332825202957278
0.9485816498865547,2.666772669637633,-1.0657667901286065,0.09982621445627808,2.867632705438545
0.5568255029906579,1.2311435477304609,2.8307132927933836,0.631014607571823,2.034413335166518
